Season,Team,Game Type,G,PO,A,E,TC,DP-Team,DP-Participated,PB,FPCT
1988,Chunichi Dragons,Regular Season,130,3523,1424,85,5032,,315,6,0.983
1988,Hankyu Braves,Regular Season,130,3422,1534,100,5056,,342,8,0.980
1988,Hanshin Tigers,Regular Season,130,3421,1477,72,4970,,310,16,0.986
1988,Hiroshima Toyo Carp,Regular Season,130,3506,1384,72,4962,,235,6,0.985
1988,Kintetsu Buffaloes,Regular Season,130,3430,1488,75,4993,,383,7,0.985
1988,Lotte Orions,Regular Season,130,3434,1390,79,4903,,300,10,0.984
1988,Nankai Hawks,Regular Season,130,3420,1499,113,5032,,417,2,0.978
1988,Nippon-Ham Fighters,Regular Season,130,3467,1388,82,4937,,287,5,0.983
1988,Seibu Lions,Regular Season,130,3486,1439,69,4994,,327,8,0.986
1988,Yakult Swallows,Regular Season,130,3490,1562,84,5136,,340,13,0.984
1988,Yokohama Taiyo Whales,Regular Season,130,3454,1530,54,5038,,330,11,0.989
1988,Yomiuri Giants,Regular Season,130,3491,1376,71,4938,,225,12,0.986
