Season,Game Type,Team,#,Name,Position,G,PA,AB,BA,OBP,SLG,OPS,R,RBI,H,1B,2B,3B,HR,TB,SB,CS,BB,IBB,K,DP,DB,SH,SF,PlayerID
1989,Regular Season,Yokohama Taiyo Whales,46,"Miyashita, Shiro",PR,1,0,0,0.000,0.000,0.000,0.000,0,0,0,0,0,0,0,0,0,0,0,0,0,0,0,0,0,01003864
1989,Regular Season,Orix Braves,34,"Mori, Koji",P,40,0,0,0.000,0.000,0.000,0.000,0,0,0,0,0,0,0,0,0,0,0,0,0,0,0,0,0,01003865
1989,Japan Series,Kintetsu Buffaloes,7,"Awaguchi, Kenji",LF,4,,14,0.214,,0.286,,,2,3,2,1,0,0,4,0,,0,,3,,,,,01103843
1989,Regular Season,Kintetsu Buffaloes,7,"Awaguchi, Kenji",LF,89,234,214,0.229,0.291,0.327,0.618,16,27,49,35,10,1,3,70,2,1,19,0,26,1,0,0,1,01103843
1989,Regular Season,Chunichi Dragons,38,"Omiya, Tatsuo",C,31,42,40,0.225,0.244,0.325,0.569,2,3,9,7,1,0,1,13,0,0,1,0,7,2,0,1,0,01103844
1989,Japan Series,Yomiuri Giants,52,"Inoe, Shinji",RF,3,,2,0.000,,0.000,,,0,0,0,0,0,0,0,0,,0,,0,,,,,01103860
1989,Regular Season,Yomiuri Giants,52,"Inoe, Shinji",RF,81,242,205,0.298,0.376,0.532,0.908,33,38,61,38,10,1,12,109,4,0,23,1,36,8,5,5,4,01103860
1989,Regular Season,Lotte Orions,27,"Ushijima, Kazuhiko",P,22,0,0,0.000,0.000,0.000,0.000,0,0,0,0,0,0,0,0,0,0,0,0,0,0,0,0,0,01103861
1989,Regular Season,Lotte Orions,62,"Ito, Fumio",LF,6,4,4,0.250,0.250,0.250,0.500,0,0,1,1,0,0,0,1,0,0,0,0,2,0,0,0,0,01103862
1989,Regular Season,Fukuoka Daiei Hawks,12,"Inoe, Yuji",P,57,0,0,0.000,0.000,0.000,0.000,0,0,0,0,0,0,0,0,0,0,0,0,0,0,0,0,0,01103863
1989,Regular Season,Hanshin Tigers,25,"Inomata, Takashi",P,41,12,12,0.000,0.000,0.000,0.000,0,0,0,0,0,0,0,0,0,0,0,0,9,0,0,0,0,01103864
1989,Regular Season,Hiroshima Toyo Carp,36,"Imai, Joji",PR,4,1,1,0.000,0.000,0.000,0.000,0,0,0,0,0,0,0,0,1,2,0,0,0,0,0,0,0,01103865
1989,Regular Season,Chunichi Dragons,46,"Takashima, Satoru",P,1,1,1,0.000,0.000,0.000,0.000,0,0,0,0,0,0,0,0,0,0,0,0,1,0,0,0,0,01103866
1989,Regular Season,Chunichi Dragons,26,"Nakajima, Haruhiko",P,7,0,0,0.000,0.000,0.000,0.000,0,0,0,0,0,0,0,0,0,0,0,0,0,0,0,0,0,01103868
1989,Regular Season,Fukuoka Daiei Hawks,39,"Fujimoto, Hiroshi",3B,77,284,237,0.253,0.354,0.468,0.822,30,50,60,35,12,0,13,111,1,2,37,0,62,6,0,10,0,01203860
1989,Japan Series,Kintetsu Buffaloes,56,"Mitsuyama, Hidekazu",C,5,,10,0.300,,0.600,,,2,3,2,0,0,1,6,0,,0,,2,,,,,01203862
1989,Regular Season,Kintetsu Buffaloes,56,"Mitsuyama, Hidekazu",C,14,12,12,0.333,0.333,0.417,0.750,0,0,4,3,1,0,0,5,0,0,0,0,4,0,0,0,0,01203862
1989,Regular Season,Fukuoka Daiei Hawks,14,"Wakai, Motoyasu",RF,108,349,292,0.281,0.379,0.356,0.735,45,23,82,65,13,3,1,104,9,7,47,2,24,3,0,9,1,01203866
1989,Regular Season,Seibu Lions,48,"Maeda, Koji",P,6,0,0,0.000,0.000,0.000,0.000,0,0,0,0,0,0,0,0,0,0,0,0,0,0,0,0,0,01203869
1989,Regular Season,Yokohama Taiyo Whales,17,"Saito, Akio",P,18,43,43,0.140,0.140,0.163,0.303,0,5,6,5,1,0,0,7,0,0,0,0,13,1,0,0,0,01303844
1989,Regular Season,Chunichi Dragons,23,"Kawamata, Yonetoshi",1B,113,324,271,0.284,0.374,0.399,0.773,33,31,77,54,19,0,4,108,3,2,40,3,30,7,0,10,2,01303848
1989,Regular Season,Lotte Orions,34,"Kasahara, Eiichi",P,1,0,0,0.000,0.000,0.000,0.000,0,0,0,0,0,0,0,0,0,0,0,0,0,0,0,0,0,01303862
1989,Japan Series,Kintetsu Buffaloes,4,"Oishi, Daijiro",2B,7,,24,0.083,,0.333,,,2,2,0,0,0,2,8,0,,2,,2,,,,,01303863
1989,Regular Season,Kintetsu Buffaloes,4,"Oishi, Daijiro",2B,109,471,401,0.277,0.356,0.397,0.753,70,33,111,80,22,1,8,159,14,4,48,1,46,4,1,21,0,01303863
1989,Regular Season,Hiroshima Toyo Carp,11,"Kito, Makoto",P,61,12,10,0.000,0.091,0.000,0.091,0,0,0,0,0,0,0,0,0,0,1,0,3,0,0,1,0,01303864
1989,Regular Season,Hanshin Tigers,5,"Kanamori, Eiji",PH,77,138,121,0.306,0.382,0.380,0.762,13,17,37,30,5,2,0,46,0,0,13,1,11,4,2,2,0,01303865
1989,Regular Season,Chunichi Dragons,22,"Yamasaki, Takeshi",PH,20,35,29,0.172,0.286,0.207,0.493,2,2,5,4,1,0,0,6,0,0,5,1,11,0,0,0,1,01303868
1989,Regular Season,Chunichi Dragons,18,"Kashima, Tadashi",P,54,19,14,0.071,0.071,0.071,0.142,0,0,1,1,0,0,0,1,0,0,0,0,8,0,0,5,0,01303869
1989,Regular Season,Chunichi Dragons,34,"Yamamoto, Masahiro",P,35,62,54,0.093,0.109,0.093,0.202,2,2,5,5,0,0,0,5,0,0,1,0,18,1,0,7,0,01403862
1989,Regular Season,Yokohama Taiyo Whales,45,"Muraoka, Koichi",3B,51,98,82,0.244,0.319,0.329,0.648,10,4,20,15,4,0,1,27,4,4,9,0,10,1,0,7,0,01403867
1989,Regular Season,Chunichi Dragons,54,"Komatsuzaki, Yoshihisa",PH,55,79,67,0.209,0.299,0.358,0.657,4,10,14,8,4,0,2,24,1,0,8,0,34,2,1,2,1,01503860
1989,Regular Season,Yakult Swallows,48,"Sakurai, Shinichi",2B,33,67,58,0.155,0.222,0.207,0.429,8,1,9,7,1,1,0,12,0,1,3,0,12,1,2,4,0,01503862
1989,Regular Season,Yokohama Taiyo Whales,21,"Nomura, Hiroki",P,34,25,22,0.227,0.261,0.273,0.534,2,2,5,4,1,0,0,6,0,0,1,0,6,0,0,2,0,01503866
1989,Regular Season,Seibu Lions,44,"Kurohara, Yuji",P,5,0,0,0.000,0.000,0.000,0.000,0,0,0,0,0,0,0,0,0,0,0,0,0,0,0,0,0,01503867
1989,Regular Season,Chunichi Dragons,96,"Kitamura, Shunsuke",2B,3,2,2,0.000,0.000,0.000,0.000,0,0,0,0,0,0,0,0,0,0,0,0,0,0,0,0,0,01503868
1989,Regular Season,Hiroshima Toyo Carp,6,"Kobayakawa, Takehiko",1B,114,458,396,0.301,0.387,0.429,0.816,48,61,119,93,13,1,12,170,1,2,56,1,68,11,2,1,3,01503869
1989,Regular Season,Chunichi Dragons,19,"Yonemura, Akira",P,25,7,6,0.333,0.333,0.333,0.666,0,0,2,2,0,0,0,2,0,0,0,0,2,0,0,1,0,01603860
1989,Regular Season,Yomiuri Giants,60,"Shirahata, Takahiro",RF,20,56,53,0.245,0.268,0.302,0.570,5,3,13,10,3,0,0,16,0,0,2,0,12,0,0,0,1,01703860
1989,Regular Season,Yokohama Taiyo Whales,12,"Takahashi, Kazuhiko",P,6,1,1,0.000,0.000,0.000,0.000,0,0,0,0,0,0,0,0,0,0,0,0,0,0,0,0,0,01703862
1989,Regular Season,Seibu Lions,9,"Seike, Masakazu",SS,6,3,3,0.000,0.000,0.000,0.000,0,0,0,0,0,0,0,0,0,0,0,0,2,0,0,0,0,01703863
1989,Regular Season,Hiroshima Toyo Carp,12,"Takagi, Nobuhiro",P,3,3,3,0.333,0.333,0.333,0.666,0,0,1,1,0,0,0,1,0,0,0,0,2,0,0,0,0,01703865
1989,Regular Season,Lotte Orions,48,"Takahashi, Chuichi",PH,30,71,67,0.194,0.229,0.328,0.557,10,10,13,10,0,0,3,22,0,0,3,0,20,0,0,1,0,01703869
1989,Regular Season,Hanshin Tigers,0,"Nakano, Satoru",LF,124,330,287,0.268,0.342,0.474,0.816,41,41,77,45,16,5,11,136,9,5,16,0,40,5,17,8,2,01903862
1989,Japan Series,Yomiuri Giants,22,"Nakao, Takayoshi",C,7,,25,0.200,,0.320,,,3,5,4,0,0,1,8,0,,0,,7,,,,,01903863
1989,Regular Season,Yomiuri Giants,22,"Nakao, Takayoshi",C,87,271,237,0.228,0.294,0.333,0.627,22,27,54,41,6,2,5,79,6,2,23,10,41,9,1,6,4,01903863
1989,Regular Season,Yomiuri Giants,28,"Hirota, Hiroaki",P,36,7,5,0.000,0.167,0.000,0.167,0,0,0,0,0,0,0,0,0,0,0,0,3,0,1,1,0,01903864
1989,Regular Season,Orix Braves,16,"Ito, Atsunori",P,24,0,0,0.000,0.000,0.000,0.000,0,0,0,0,0,0,0,0,0,0,0,0,0,0,0,0,0,01903866
1989,Japan Series,Yomiuri Giants,37,"Tsusue, Hideaki",PH,2,,2,0.000,,0.000,,,0,0,0,0,0,0,0,0,,1,,1,,,,,01903867
1989,Regular Season,Yomiuri Giants,37,"Tsusue, Hideaki",PH,45,51,41,0.293,0.420,0.512,0.932,2,8,12,7,3,0,2,21,0,0,8,0,8,1,1,1,0,01903867
1989,Regular Season,Nippon-Ham Fighters,7,"Nakajima, Terushi",RF,81,259,236,0.233,0.298,0.390,0.688,29,24,55,36,10,0,9,92,5,3,19,0,60,4,3,1,0,01903868
1989,Regular Season,Hiroshima Toyo Carp,49,"Allen, Rod",LF,80,279,247,0.300,0.369,0.490,0.859,23,39,74,50,12,1,11,121,3,1,25,0,47,9,4,0,3,03403868
1989,Regular Season,Hanshin Tigers,33,"Kaneko, Seiichi",RF,81,132,120,0.208,0.280,0.375,0.655,15,12,25,15,4,2,4,45,2,1,11,0,37,0,1,0,0,03503868
1989,Regular Season,Yakult Swallows,63,"Kato, Hiroto",P,32,45,41,0.171,0.190,0.171,0.361,0,0,7,7,0,0,0,7,0,0,1,0,15,0,0,3,0,05003868
1989,Regular Season,Seibu Lions,57,"Ueda, Hiroaki",SS,2,2,2,0.000,0.000,0.000,0.000,0,0,0,0,0,0,0,0,0,0,0,0,1,0,0,0,0,05303868
1989,Regular Season,Seibu Lions,39,"Destrade, Orestes",DH,83,359,292,0.257,0.379,0.627,1.006,56,81,75,31,12,0,32,183,4,0,59,4,75,7,2,0,6,07303868
1989,Japan Series,Yomiuri Giants,15,"Yamakura, Kazuhiro",C,1,,0,0.000,,0.000,,,0,0,0,0,0,0,0,0,,0,,0,,,,,11013846
1989,Regular Season,Yomiuri Giants,15,"Yamakura, Kazuhiro",C,46,108,92,0.120,0.234,0.196,0.430,6,10,11,6,4,0,1,18,0,0,14,2,28,4,0,1,1,11013846
1989,Regular Season,Hanshin Tigers,7,"Mayumi, Akinobu",RF,95,311,279,0.247,0.322,0.455,0.777,36,37,69,44,8,1,16,127,2,1,30,3,52,14,1,0,1,11013847
1989,Regular Season,Fukuoka Daiei Hawks,35,"Yoshida, Hiroyuki",C,25,90,73,0.192,0.286,0.274,0.560,6,9,14,10,3,0,1,20,0,1,10,1,9,3,0,6,1,11013848
1989,Regular Season,Fukuoka Daiei Hawks,21,"Nishikawa, Yoshiaki",P,28,0,0,0.000,0.000,0.000,0.000,0,0,0,0,0,0,0,0,0,0,0,0,0,0,0,0,0,11013862
1989,Regular Season,Orix Braves,58,"Yamanaka, Kenji",2B,2,2,1,0.000,0.000,0.000,0.000,0,0,0,0,0,0,0,0,0,0,0,0,1,0,0,1,0,11013866
1989,Regular Season,Yokohama Taiyo Whales,37,"Hino, Yoshiaki",SS,48,98,85,0.235,0.320,0.365,0.685,8,8,20,13,5,0,2,31,0,0,10,1,19,1,1,1,1,11213860
1989,Regular Season,Lotte Orions,10,"Furukawa, Shinichi",RF,98,291,261,0.249,0.315,0.410,0.725,28,28,65,42,11,5,7,107,2,2,24,2,50,2,1,5,0,11213862
1989,Regular Season,Lotte Orions,16,"Horii, Tsuneo",P,22,0,0,0.000,0.000,0.000,0.000,0,0,0,0,0,0,0,0,0,0,0,0,0,0,0,0,0,11213863
1989,Regular Season,Hanshin Tigers,3,"Yagi, Hiroshi",SS,102,301,271,0.214,0.283,0.465,0.748,33,40,58,26,12,4,16,126,3,0,26,2,67,5,0,4,0,11213864
1989,Regular Season,Fukuoka Daiei Hawks,15,"Hatayama, Hitoshi",RF,61,101,92,0.228,0.273,0.272,0.545,12,6,21,17,4,0,0,25,1,1,6,0,24,4,0,2,1,11213867
1989,Regular Season,Chunichi Dragons,0,"Fujio, Yasuharu",PH,16,23,22,0.136,0.174,0.182,0.356,2,0,3,2,1,0,0,4,0,0,0,0,7,0,1,0,0,11213869
1989,Regular Season,Seibu Lions,45,"Okubo, Hiromoto",PH,11,14,13,0.077,0.143,0.308,0.451,1,1,1,0,0,0,1,4,0,0,1,0,5,0,0,0,0,11313860
1989,Regular Season,Yokohama Taiyo Whales,39,"Okamoto, Tetsushi",C,6,7,7,0.286,0.286,0.429,0.715,1,2,2,1,1,0,0,3,0,0,0,0,0,0,0,0,0,11313862
1989,Japan Series,Kintetsu Buffaloes,13,"Ishimoto, Yoshiaki",P,1,,0,0.000,,0.000,,,0,0,0,0,0,0,0,0,,0,,0,,,,,11313863
1989,Regular Season,Kintetsu Buffaloes,13,"Ishimoto, Yoshiaki",P,16,0,0,0.000,0.000,0.000,0.000,0,0,0,0,0,0,0,0,0,0,0,0,0,0,0,0,0,11313863
1989,Regular Season,Yokohama Taiyo Whales,8,"Ono, Yuji",1B,51,124,119,0.277,0.295,0.378,0.673,7,15,33,23,9,0,1,45,0,0,3,0,32,2,0,2,0,11313864
1989,Regular Season,Hanshin Tigers,1,"Noda, Koji",P,46,19,17,0.059,0.059,0.118,0.177,1,1,1,0,1,0,0,2,0,0,0,0,8,0,0,2,0,11313866
1989,Regular Season,Seibu Lions,52,"Oda, Shinya",P,25,0,0,0.000,0.000,0.000,0.000,0,0,0,0,0,0,0,0,0,0,0,0,0,0,0,0,0,11313869
1989,Regular Season,Yakult Swallows,28,"Yaegashi, Yukio",PH,55,58,49,0.347,0.448,0.571,1.019,4,17,17,12,2,0,3,28,0,0,8,1,11,1,1,0,0,11413843
1989,Regular Season,Fukuoka Daiei Hawks,33,"Yamaguchi, Yuji",CF,16,9,9,0.000,0.000,0.000,0.000,3,0,0,0,0,0,0,0,2,0,0,0,5,0,0,0,0,11413862
1989,Regular Season,Fukuoka Daiei Hawks,27,"Yamanaka, Kiyoshi",C,45,85,78,0.256,0.310,0.410,0.720,9,6,20,14,3,0,3,32,0,0,6,0,12,2,0,1,0,11413863
1989,Regular Season,Kintetsu Buffaloes,61,"Kanazawa, Nobuhiko",RF,1,2,2,0.000,0.000,0.000,0.000,0,0,0,0,0,0,0,0,0,0,0,0,0,0,0,0,0,11413866
1989,Regular Season,Yomiuri Giants,18,"Kuwata, Masumi",P,30,98,86,0.244,0.253,0.291,0.544,4,6,21,17,4,0,0,25,0,0,1,0,25,0,0,11,0,11513862
1989,Regular Season,Chunichi Dragons,35,"Kataoka, Mitsuhiro",PH,30,58,56,0.196,0.211,0.286,0.497,5,0,11,6,5,0,0,16,0,0,1,0,14,0,0,1,0,11513863
1989,Regular Season,Yomiuri Giants,40,"Sato, Hiroshi",3B,3,2,2,0.000,0.000,0.000,0.000,0,0,0,0,0,0,0,0,0,0,0,0,1,0,0,0,0,11513864
1989,Regular Season,Hiroshima Toyo Carp,19,"Kiyokawa, Eiji",P,44,1,1,0.000,0.000,0.000,0.000,0,0,0,0,0,0,0,0,0,0,0,0,0,0,0,0,0,11513869
1989,Regular Season,Yakult Swallows,1,"Wakamatsu, Tsutomu",PH,55,54,49,0.224,0.296,0.367,0.663,3,7,11,8,1,0,2,18,0,0,4,2,2,0,1,0,0,11613843
1989,Japan Series,Kintetsu Buffaloes,34,"Murata, Tatsumi",P,2,,0,0.000,,0.000,,,0,0,0,0,0,0,0,0,,0,,0,,,,,11713840
1989,Regular Season,Kintetsu Buffaloes,34,"Murata, Tatsumi",P,19,0,0,0.000,0.000,0.000,0.000,0,0,0,0,0,0,0,0,0,0,0,0,0,0,0,0,0,11713840
1989,Regular Season,Hiroshima Toyo Carp,2,"Takahashi, Yoshihiko",SS,127,540,491,0.267,0.321,0.383,0.704,63,47,131,98,21,0,12,188,13,15,37,0,59,12,3,5,2,11713842
1989,Regular Season,Fukuoka Daiei Hawks,23,"Takayanagi, Hideki",LF,61,144,122,0.213,0.326,0.410,0.736,19,22,26,14,6,0,6,50,0,0,21,1,28,5,0,0,1,11713848
1989,Regular Season,Fukuoka Daiei Hawks,3,"Sasaki, Makoto",CF,124,542,489,0.235,0.295,0.372,0.667,63,45,115,79,20,1,15,182,12,4,40,2,97,8,2,9,2,11713860
1989,Regular Season,Yomiuri Giants,25,"Kono, Junki",RF,79,68,60,0.200,0.262,0.250,0.512,17,3,12,11,0,0,1,15,9,5,5,0,13,2,0,3,0,11713863
1989,Regular Season,Hanshin Tigers,24,"Sumitomo, Kazuya",P,44,5,4,0.000,0.000,0.000,0.000,0,0,0,0,0,0,0,0,0,0,0,0,1,0,0,1,0,11713865
1989,Regular Season,Hiroshima Toyo Carp,21,"Kawashima, Ken",P,12,9,9,0.000,0.000,0.000,0.000,0,0,0,0,0,0,0,0,0,0,0,0,2,0,0,0,0,11713866
1989,Regular Season,Nippon-Ham Fighters,17,"Sato, Seiichi",P,48,0,0,0.000,0.000,0.000,0.000,0,0,0,0,0,0,0,0,0,0,0,0,0,0,0,0,0,11713867
1989,Regular Season,Nippon-Ham Fighters,55,"Shimizu, Nobuaki",C,6,1,1,1.000,1.000,1.000,2.000,0,0,1,1,0,0,0,1,0,0,0,0,0,0,0,0,0,11713869
1989,Regular Season,Nippon-Ham Fighters,21,"Nishizaki, Yukihiro",P,27,0,0,0.000,0.000,0.000,0.000,0,0,0,0,0,0,0,0,0,0,0,0,0,0,0,0,0,11913864
1989,Regular Season,Lotte Orions,3,"Nishimura, Norifumi",CF,96,443,392,0.281,0.352,0.347,0.699,61,17,110,93,10,5,2,136,42,12,37,1,34,2,6,8,0,11913865
1989,Japan Series,Yomiuri Giants,12,"Ro, Meishi",RF,2,,5,0.200,,0.200,,,1,1,1,0,0,0,1,0,,0,,0,,,,,11913866
1989,Regular Season,Yomiuri Giants,12,"Ro, Meishi",RF,18,41,39,0.282,0.300,0.436,0.736,3,6,11,9,0,0,2,17,1,0,1,0,7,2,0,1,0,11913866
1989,Regular Season,Nippon-Ham Fighters,48,"Shirai, Yasukatsu",P,4,0,0,0.000,0.000,0.000,0.000,0,0,0,0,0,0,0,0,0,0,0,0,0,0,0,0,0,11913868
1989,Regular Season,Hiroshima Toyo Carp,29,"Kondo, Yoshihisa",P,9,1,1,0.000,0.000,0.000,0.000,0,0,0,0,0,0,0,0,0,0,0,0,1,0,0,0,0,13013868
1989,Regular Season,Hiroshima Toyo Carp,44,"Rowdon, Wade",3B,123,529,473,0.300,0.362,0.486,0.848,60,79,142,99,20,1,22,230,8,5,44,4,65,10,4,4,4,13413868
1989,Regular Season,Lotte Orions,36,"Satomi, Yusuke",P,1,0,0,0.000,0.000,0.000,0.000,0,0,0,0,0,0,0,0,0,0,0,0,0,0,0,0,0,13613868
1989,Regular Season,Lotte Orions,0,"Hatsushiba, Kiyoshi",3B,70,220,202,0.243,0.280,0.436,0.716,21,24,49,24,18,0,7,88,2,2,8,0,36,4,3,6,1,13813868
1989,Regular Season,Yakult Swallows,40,"Suzuki, Taira",P,10,7,5,0.000,0.167,0.000,0.167,0,0,0,0,0,0,0,0,0,0,1,0,3,0,0,1,0,15013868
1989,Regular Season,Seibu Lions,21,"Watanabe, Tomio",P,31,0,0,0.000,0.000,0.000,0.000,0,0,0,0,0,0,0,0,0,0,0,0,0,0,0,0,0,15113868
1989,Regular Season,Yakult Swallows,58,"Iida, Tetsuya",C,22,11,9,0.111,0.200,0.222,0.422,5,0,1,0,1,0,0,2,1,1,1,0,5,0,0,1,0,15213868
1989,Regular Season,Seibu Lions,8,"Suzuki, Ken",PH,8,8,8,0.125,0.125,0.125,0.250,0,0,1,1,0,0,0,1,0,0,0,0,4,0,0,0,0,15313868
1989,Regular Season,Yokohama Taiyo Whales,41,"Miyazato, Futoshi",LF,46,117,109,0.294,0.304,0.376,0.680,9,11,32,24,7,1,0,41,3,2,2,0,13,2,1,2,3,15713868
1989,Regular Season,Yokohama Taiyo Whales,23,"Yokotani, Akimasa",PH,13,23,23,0.261,0.261,0.261,0.522,0,0,6,6,0,0,0,6,0,0,0,0,1,2,0,0,0,15913868
1989,Regular Season,Yakult Swallows,16,"Eichelberger, Juan",P,8,0,0,0.000,0.000,0.000,0.000,0,0,0,0,0,0,0,0,0,0,0,0,0,0,0,0,0,17313868
1989,Regular Season,Yakult Swallows,26,"Hata, Shinji",C,84,265,245,0.290,0.343,0.437,0.780,23,28,71,51,12,0,8,107,2,3,19,4,40,3,1,0,0,21023860
1989,Regular Season,Orix Braves,9,"Motonishi, Atsuhiro",CF,120,327,281,0.302,0.369,0.438,0.807,49,33,85,61,15,4,5,123,8,4,28,1,48,4,3,13,2,21023864
1989,Regular Season,Orix Braves,13,"Mori, Kozo",P,8,0,0,0.000,0.000,0.000,0.000,0,0,0,0,0,0,0,0,0,0,0,0,0,0,0,0,0,21023865
1989,Regular Season,Nippon-Ham Fighters,15,"Takeda, Kazuhiro",P,36,0,0,0.000,0.000,0.000,0.000,0,0,0,0,0,0,0,0,0,0,0,0,0,0,0,0,0,21023866
1989,Regular Season,Yomiuri Giants,51,"Ishii, Masahiro",PH,16,24,22,0.273,0.333,0.500,0.833,4,1,6,3,2,0,1,11,1,0,2,0,7,0,0,0,0,21123860
1989,Regular Season,Fukuoka Daiei Hawks,1,"Ogawa, Hiroshi",SS,93,312,273,0.271,0.309,0.348,0.657,36,21,74,60,10,1,3,95,9,2,16,0,39,5,0,21,2,21123861
1989,Regular Season,Lotte Orions,46,"Ito, Masaru",P,6,0,0,0.000,0.000,0.000,0.000,0,0,0,0,0,0,0,0,0,0,0,0,0,0,0,0,0,21123862
1989,Regular Season,Hanshin Tigers,40,"Iwakiri, Eiji",C,11,7,5,0.200,0.429,0.200,0.629,0,1,1,1,0,0,0,1,0,0,1,0,1,1,1,0,0,21123864
1989,Regular Season,Chunichi Dragons,2,"Iwamoto, Yoshihiro",PR,29,14,13,0.154,0.154,0.154,0.308,10,0,2,2,0,0,0,2,8,1,0,0,2,0,0,1,0,21123865
1989,Regular Season,Chunichi Dragons,3,"Tatsunami, Kazuyoshi",SS,30,100,85,0.235,0.316,0.400,0.716,10,8,20,11,6,1,2,34,3,6,10,0,10,3,0,5,0,21123866
1989,Regular Season,Fukuoka Daiei Hawks,43,"Ito, Toshifumi",3B,49,146,127,0.220,0.291,0.346,0.637,16,12,28,20,4,0,4,44,3,1,13,1,23,0,0,5,1,21123869
1989,Regular Season,Fukuoka Daiei Hawks,4,"Moriwaki, Hiroshi",SS,98,285,241,0.257,0.341,0.407,0.748,34,17,62,39,14,5,4,98,5,3,31,2,73,4,0,12,1,21223863
1989,Regular Season,Lotte Orions,18,"Irabu, Hideki",P,33,0,0,0.000,0.000,0.000,0.000,0,0,0,0,0,0,0,0,0,0,0,0,0,0,0,0,0,21223866
1989,Regular Season,Orix Braves,44,"Wells, Boomer",1B,130,578,512,0.322,0.386,0.594,0.980,101,124,165,106,19,0,40,304,2,1,53,15,37,34,5,0,8,21223867
1989,Japan Series,Yomiuri Giants,31,"Mizuno, Katsuhito",P,1,,0,0.000,,0.000,,,0,0,0,0,0,0,0,0,,0,,0,,,,,21223869
1989,Regular Season,Yomiuri Giants,31,"Mizuno, Katsuhito",P,15,16,14,0.143,0.143,0.214,0.357,1,1,2,1,1,0,0,3,0,0,0,0,5,0,0,2,0,21223869
1989,Regular Season,Lotte Orions,9,"Saito, Ko",C,60,83,78,0.218,0.247,0.282,0.529,5,4,17,14,2,0,1,22,0,0,3,0,9,2,0,2,0,21323844
1989,Regular Season,Hanshin Tigers,48,"Kubo, Yasuo",P,15,16,16,0.375,0.375,0.625,1.000,2,1,6,4,1,0,1,10,0,0,0,0,4,0,0,0,0,21323846
1989,Regular Season,Seibu Lions,18,"Kaku, Taigen",P,26,0,0,0.000,0.000,0.000,0.000,0,0,0,0,0,0,0,0,0,0,0,0,0,0,0,0,0,21323860
1989,Regular Season,Chunichi Dragons,53,"Kawabata, Yasuhiro",P,20,20,18,0.222,0.222,0.278,0.500,0,1,4,3,1,0,0,5,0,0,0,0,6,0,0,2,0,21323862
1989,Regular Season,Nippon-Ham Fighters,24,"Okawa, Akira",P,7,0,0,0.000,0.000,0.000,0.000,0,0,0,0,0,0,0,0,0,0,0,0,0,0,0,0,0,21323863
1989,Regular Season,Hiroshima Toyo Carp,47,"Kaneishi, Akihito",P,22,27,23,0.130,0.167,0.130,0.297,1,0,3,3,0,0,0,3,0,0,1,0,10,0,0,3,0,21323865
1989,Regular Season,Yakult Swallows,33,"Nakanishi, Chikashi",C,77,178,152,0.178,0.256,0.211,0.467,11,12,27,24,2,0,1,32,1,0,15,2,41,2,1,10,0,21323866
1989,Japan Series,Yomiuri Giants,0,"Kawai, Masahiro",SS,7,,21,0.190,,0.238,,,1,4,3,1,0,0,5,0,,2,,6,,,,,21323869
1989,Regular Season,Yomiuri Giants,0,"Kawai, Masahiro",SS,98,381,319,0.254,0.312,0.361,0.673,40,28,81,62,9,5,5,115,6,4,23,0,46,4,5,32,2,21323869
1989,Regular Season,Chunichi Dragons,16,"Miyashita, Masami",P,4,5,4,0.250,0.250,0.250,0.500,0,0,1,1,0,0,0,1,0,0,0,0,3,0,0,1,0,21423860
1989,Regular Season,Hanshin Tigers,39,"Yoshida, Yasuo",C,58,96,80,0.150,0.269,0.175,0.444,12,0,12,10,2,0,0,14,4,0,11,3,15,1,2,3,0,21423862
1989,Regular Season,Seibu Lions,2,"Yoshitake, Haruki",LF,98,290,242,0.314,0.384,0.417,0.801,42,28,76,58,14,1,3,101,5,5,30,1,31,5,0,13,4,21423863
1989,Regular Season,Lotte Orions,40,"Sato, Kazuhito",DH,1,0,0,0.000,0.000,0.000,0.000,0,0,0,0,0,0,0,0,0,0,0,0,0,0,0,0,0,21523862
1989,Regular Season,Lotte Orions,21,"Seki, Kiyokazu",P,21,0,0,0.000,0.000,0.000,0.000,0,0,0,0,0,0,0,0,0,0,0,0,0,0,0,0,0,21523864
1989,Regular Season,Yokohama Taiyo Whales,14,"Paciorek, Jim",1B,118,473,435,0.333,0.380,0.503,0.883,48,62,145,98,32,3,12,219,2,3,33,4,45,9,1,2,2,21523866
1989,Regular Season,Chunichi Dragons,9,"Yamaguchi, Koji",LF,23,49,47,0.191,0.208,0.298,0.506,7,1,9,6,2,0,1,14,1,0,1,0,13,2,0,1,0,21523868
1989,Regular Season,Hanshin Tigers,6,"Wada, Yutaka",2B,129,563,476,0.296,0.358,0.361,0.719,61,25,141,116,20,4,1,172,18,8,45,0,39,7,1,40,1,21623860
1989,Regular Season,Yakult Swallows,9,"Sugiura, Toru",PH,70,142,124,0.274,0.352,0.484,0.836,12,22,34,20,8,0,6,60,2,0,16,3,21,2,0,0,2,21723845
1989,Regular Season,Yakult Swallows,24,"Naito, Naoyuki",P,42,46,44,0.114,0.152,0.159,0.311,1,1,5,3,2,0,0,7,0,0,2,0,22,1,0,0,0,21723864
1989,Japan Series,Yomiuri Giants,38,"Suguro, Hironori",SS,1,,1,0.000,,0.000,,,0,0,0,0,0,0,0,0,,1,,1,,,,,21723866
1989,Regular Season,Yomiuri Giants,38,"Suguro, Hironori",SS,70,100,81,0.185,0.256,0.247,0.503,14,4,15,12,2,0,1,20,4,1,8,1,32,0,0,10,1,21723866
1989,Regular Season,Hiroshima Toyo Carp,18,"Shiratake, Yoshihisa",P,36,39,34,0.059,0.083,0.059,0.142,1,1,2,2,0,0,0,2,0,1,1,0,13,0,0,3,1,21723867
1989,Regular Season,Lotte Orions,7,"Mizukami, Yoshio",3B,76,282,233,0.258,0.332,0.429,0.761,28,36,60,33,20,1,6,100,1,1,26,0,53,5,1,20,2,21923842
1989,Regular Season,Chunichi Dragons,28,"Miyako, Yujiro",P,1,0,0,0.000,0.000,0.000,0.000,0,0,0,0,0,0,0,0,0,0,0,0,0,0,0,0,0,21923848
1989,Regular Season,Hiroshima Toyo Carp,0,"Nagashima, Kiyoyuki",CF,125,377,332,0.259,0.331,0.364,0.695,35,43,86,62,18,1,5,121,12,5,35,5,85,5,2,5,3,21923861
1989,Regular Season,Hiroshima Toyo Carp,16,"Nagadomi, Hiroshi",P,33,58,50,0.120,0.170,0.140,0.310,2,3,6,5,1,0,0,7,0,0,2,0,21,0,1,5,0,21923862
1989,Regular Season,Hanshin Tigers,28,"Nakada, Yoshihiro",P,8,1,1,0.000,0.000,0.000,0.000,0,0,0,0,0,0,0,0,0,0,0,0,1,0,0,0,0,21923863
1989,Regular Season,Orix Braves,40,"Fukuhara, Mineo",2B,73,84,70,0.200,0.309,0.257,0.566,9,3,14,10,4,0,0,18,1,0,11,0,24,2,0,3,0,21923865
1989,Regular Season,Nippon-Ham Fighters,33,"Yahagi, Koichi",PH,10,10,9,0.222,0.300,0.222,0.522,0,1,2,2,0,0,0,2,0,0,1,0,4,0,0,0,0,21923868
1989,Regular Season,Hanshin Tigers,29,"Tomari, Katsunori",PH,71,130,123,0.301,0.328,0.447,0.775,14,13,37,28,4,1,4,55,0,0,3,0,23,2,2,2,0,21923869
1989,Regular Season,Hanshin Tigers,43,"Miyauchi, Masakazu",PH,14,9,9,0.000,0.000,0.000,0.000,3,0,0,0,0,0,0,0,0,0,0,0,4,0,0,0,0,23523868
1989,Regular Season,Lotte Orions,4,"Diaz, Mike",DH,130,558,489,0.301,0.380,0.587,0.967,75,105,147,87,19,2,39,287,1,3,57,5,77,14,8,0,4,23823868
1989,Regular Season,Hiroshima Toyo Carp,15,"Katase, Kiyotoshi",P,9,1,1,0.000,0.000,0.000,0.000,0,0,0,0,0,0,0,0,0,0,0,0,0,0,0,0,0,23923868
1989,Regular Season,Kintetsu Buffaloes,47,"Nobayashi, Hiroki",DH,2,1,1,0.000,0.000,0.000,0.000,0,0,0,0,0,0,0,0,0,0,0,0,1,0,0,0,0,25623868
1989,Regular Season,Yakult Swallows,17,"Kawasaki, Kenjiro",P,24,32,28,0.107,0.138,0.107,0.245,1,0,3,3,0,0,0,3,0,0,1,0,10,0,0,3,0,25923868
1989,Regular Season,Hiroshima Toyo Carp,1,"Yamasaki, Ryuzo",RF,130,426,364,0.266,0.334,0.374,0.708,45,34,97,75,13,1,8,136,12,4,36,3,53,10,1,24,0,31033846
1989,Regular Season,Orix Braves,56,"Ninomiya, Masami",P,2,0,0,0.000,0.000,0.000,0.000,0,0,0,0,0,0,0,0,0,0,0,0,0,0,0,0,0,31033860
1989,Regular Season,Orix Braves,32,"Minamimure, Toyozo",LF,106,192,156,0.282,0.365,0.372,0.737,18,17,44,34,8,0,2,58,9,3,21,3,23,6,0,14,1,31033865
1989,Regular Season,Orix Braves,37,"Watanabe, Shinji",PH,30,32,30,0.267,0.313,0.267,0.580,0,4,8,8,0,0,0,8,0,0,2,0,6,1,0,0,0,31033866
1989,Regular Season,Nippon-Ham Fighters,2,"Suzuki, Yoshihiro",CF,107,353,313,0.252,0.315,0.335,0.650,40,21,79,67,4,2,6,105,22,13,28,0,34,7,2,7,3,31033868
1989,Regular Season,Chunichi Dragons,7,"Uno, Masaru",SS,119,488,437,0.304,0.359,0.526,0.885,66,68,133,86,22,0,25,230,2,7,39,3,82,15,1,6,5,31133844
1989,Japan Series,Kintetsu Buffaloes,58,"Adachi, Toshiya",2B,2,,1,0.000,,0.000,,,0,0,0,0,0,0,0,0,,0,,0,,,,,31133860
1989,Regular Season,Kintetsu Buffaloes,58,"Adachi, Toshiya",2B,88,159,127,0.205,0.299,0.291,0.590,20,9,26,19,4,2,1,37,2,2,15,0,22,0,2,15,0,31133860
1989,Regular Season,Yokohama Taiyo Whales,20,"Aikawa, Hideaki",P,8,0,0,0.000,0.000,0.000,0.000,0,0,0,0,0,0,0,0,0,0,0,0,0,0,0,0,0,31133862
1989,Regular Season,Lotte Orions,1,"Aiko, Takeshi",1B,130,576,528,0.303,0.361,0.449,0.810,66,65,160,111,34,2,13,237,8,3,46,1,111,15,2,0,0,31133863
1989,Regular Season,Chunichi Dragons,17,"Uehara, Akira",P,22,28,21,0.095,0.174,0.095,0.269,2,1,2,2,0,0,0,2,0,0,1,0,12,0,1,5,0,31133866
1989,Regular Season,Seibu Lions,25,"Abe, Osamu",PH,35,93,84,0.238,0.312,0.369,0.681,11,9,20,12,6,1,1,31,1,1,9,1,18,3,0,0,0,31133869
1989,Regular Season,Chunichi Dragons,57,"Hikono, Toshikatsu",CF,125,551,454,0.275,0.379,0.507,0.886,83,59,125,75,21,3,26,230,10,10,71,5,82,6,7,15,4,31233860
1989,Regular Season,Kintetsu Buffaloes,18,"Yamamura, Tatsuya",P,6,0,0,0.000,0.000,0.000,0.000,0,0,0,0,0,0,0,0,0,0,0,0,0,0,0,0,0,31233861
1989,Regular Season,Yokohama Taiyo Whales,7,"Ponce, Carlos",RF,130,562,512,0.264,0.313,0.496,0.809,69,81,135,71,33,7,24,254,12,6,33,2,91,11,8,0,9,31233862
1989,Regular Season,Orix Braves,2,"Yamagoshi, Yoshihiro",SS,47,47,43,0.279,0.311,0.372,0.683,8,6,12,9,2,1,0,16,1,1,1,0,7,1,1,2,0,31233864
1989,Regular Season,Hiroshima Toyo Carp,45,"Yamada, Tsutomu",PH,18,26,23,0.174,0.240,0.174,0.414,4,1,4,4,0,0,0,4,0,0,2,1,4,1,0,1,0,31233865
1989,Regular Season,Fukuoka Daiei Hawks,50,"Murata, Katsuyoshi",P,38,0,0,0.000,0.000,0.000,0.000,0,0,0,0,0,0,0,0,0,0,0,0,0,0,0,0,0,31233866
1989,Regular Season,Nippon-Ham Fighters,14,"Kawahara, Shoji",P,24,0,0,0.000,0.000,0.000,0.000,0,0,0,0,0,0,0,0,0,0,0,0,0,0,0,0,0,31333842
1989,Regular Season,Yomiuri Giants,21,"Kato, Hajime",P,5,0,0,0.000,0.000,0.000,0.000,0,0,0,0,0,0,0,0,0,0,0,0,0,0,0,0,0,31333845
1989,Regular Season,Yakult Swallows,32,"Obana, Takao",P,27,58,50,0.120,0.154,0.120,0.274,1,2,6,6,0,0,0,6,0,0,2,0,17,1,0,6,0,31333846
1989,Regular Season,Hanshin Tigers,2,"Ono, Hisashi",CF,125,460,403,0.303,0.365,0.382,0.747,53,26,122,100,16,2,4,154,22,9,36,0,66,2,4,16,1,31333860
1989,Regular Season,Hanshin Tigers,16,"Okada, Akinobu",3B,130,557,492,0.280,0.352,0.472,0.824,66,76,138,93,20,1,24,232,8,3,57,3,81,15,1,0,7,31333861
1989,Regular Season,Fukuoka Daiei Hawks,57,"Otsuka, Yoshiki",C,1,2,2,0.000,0.000,0.000,0.000,0,0,0,0,0,0,0,0,0,0,0,0,0,0,0,0,0,31333862
1989,Regular Season,Yokohama Taiyo Whales,33,"Ichikawa, Kazumasa",C,103,294,267,0.232,0.267,0.333,0.600,19,19,62,45,12,0,5,89,0,1,12,3,30,8,1,13,1,31333863
1989,Regular Season,Kintetsu Buffaloes,19,"Onoe, Akira",2B,1,2,2,0.500,0.500,0.500,1.000,0,0,1,1,0,0,0,1,0,0,0,0,0,0,0,0,0,31333865
1989,Regular Season,Hanshin Tigers,32,"Yamaguchi, Shigeyuki",SS,30,49,40,0.175,0.227,0.300,0.527,2,7,7,4,2,0,1,12,0,0,3,2,11,2,0,5,1,31333866
1989,Japan Series,Kintetsu Buffaloes,26,"Ono, Kazuyoshi",P,1,,2,0.000,,0.000,,,0,0,0,0,0,0,0,0,,0,,1,,,,,31333869
1989,Regular Season,Kintetsu Buffaloes,26,"Ono, Kazuyoshi",P,28,0,0,0.000,0.000,0.000,0.000,0,0,0,0,0,0,0,0,0,0,0,0,0,0,0,0,0,31333869
1989,Regular Season,Orix Braves,28,"Hoshino, Nobuyuki",P,32,0,0,0.000,0.000,0.000,0.000,0,0,0,0,0,0,0,0,0,0,0,0,0,0,0,0,0,31433860
1989,Regular Season,Kintetsu Buffaloes,21,"Kato, Masaki",PH,6,4,2,0.000,0.500,0.000,0.500,1,0,0,0,0,0,0,0,0,0,2,0,2,0,0,0,0,31433866
1989,Japan Series,Yomiuri Giants,17,"Makihara, Hiromi",P,1,,0,0.000,,0.000,,,0,0,0,0,0,0,0,0,,0,,0,,,,,31433867
1989,Regular Season,Yomiuri Giants,17,"Makihara, Hiromi",P,21,55,53,0.113,0.113,0.113,0.226,0,0,6,6,0,0,0,6,0,0,0,0,28,0,0,2,0,31433867
1989,Regular Season,Yomiuri Giants,47,"Kida, Masao",P,8,10,9,0.000,0.000,0.000,0.000,0,0,0,0,0,0,0,0,0,0,0,0,3,0,0,1,0,31433868
1989,Regular Season,Nippon-Ham Fighters,8,"Shimada, Makoto",RF,94,249,211,0.313,0.389,0.398,0.787,25,14,66,53,9,3,1,84,15,7,25,0,22,3,2,10,1,31533844
1989,Regular Season,Chunichi Dragons,20,"Komatsu, Tatsuo",P,5,8,6,0.333,0.429,0.333,0.762,1,1,2,2,0,0,0,2,0,0,1,0,1,0,0,1,0,31533846
1989,Regular Season,Yakult Swallows,30,"Kiminami, Takayoshi",PH,2,2,2,0.000,0.000,0.000,0.000,0,0,0,0,0,0,0,0,0,0,0,0,0,0,0,0,0,31533865
1989,Regular Season,Yokohama Taiyo Whales,18,"Okamoto, Toru",P,37,15,13,0.077,0.143,0.077,0.220,2,0,1,1,0,0,0,1,0,0,1,0,2,0,0,1,0,31533866
1989,Japan Series,Yomiuri Giants,49,"Cromartie, Warren",CF,7,,26,0.346,,0.577,,,1,9,5,3,0,1,15,0,,2,,1,,,,,31533869
1989,Regular Season,Yomiuri Giants,49,"Cromartie, Warren",CF,124,501,439,0.378,0.449,0.560,1.009,70,72,166,117,33,1,15,246,7,3,49,17,44,11,10,0,3,31533869
1989,Regular Season,Lotte Orions,2,"Yokota, Masashi",RF,117,408,374,0.278,0.323,0.358,0.681,58,26,104,83,14,5,2,134,18,3,24,1,36,7,1,8,1,31633860
1989,Regular Season,Yakult Swallows,29,"Tani, Hiroaki",P,13,1,1,0.000,0.000,0.000,0.000,0,0,0,0,0,0,0,0,0,0,0,0,0,0,0,0,0,31733842
1989,Regular Season,Kintetsu Buffaloes,22,"Sato, Hideaki",P,48,0,0,0.000,0.000,0.000,0.000,0,0,0,0,0,0,0,0,0,0,0,0,0,0,0,0,0,31733860
1989,Japan Series,Kintetsu Buffaloes,44,"Suzuki, Takahisa",RF,7,,24,0.167,,0.375,,,4,4,1,2,0,1,9,0,,2,,6,,,,,31733862
1989,Regular Season,Kintetsu Buffaloes,44,"Suzuki, Takahisa",RF,118,452,412,0.286,0.341,0.473,0.814,50,57,118,82,15,1,20,195,1,3,32,1,64,6,4,1,3,31733862
1989,Regular Season,Fukuoka Daiei Hawks,58,"Tonda, Kunimitsu",RF,9,13,13,0.154,0.154,0.385,0.539,1,1,2,1,0,0,1,5,0,1,0,0,2,1,0,0,0,31733864
1989,Regular Season,Hiroshima Toyo Carp,30,"Ko, Shinji",3B,33,16,15,0.133,0.188,0.133,0.321,5,0,2,2,0,0,0,2,1,0,1,0,4,0,0,0,0,31733866
1989,Regular Season,Nippon-Ham Fighters,59,"Sadaoka, Tetsuhisa",RF,5,2,2,0.000,0.000,0.000,0.000,0,0,0,0,0,0,0,0,0,0,0,0,1,0,0,0,0,31733867
1989,Regular Season,Nippon-Ham Fighters,3,"Shirai, Kazuyuki",2B,129,504,422,0.242,0.316,0.320,0.636,50,42,102,81,14,2,5,135,38,12,47,1,59,8,1,29,5,31733869
1989,Regular Season,Nippon-Ham Fighters,5,"Furuya, Hideo",3B,109,367,323,0.272,0.331,0.430,0.761,37,42,88,66,7,1,14,139,7,4,27,1,41,11,2,13,2,31933846
1989,Japan Series,Kintetsu Buffaloes,3,"Hada, Koichi",1B,3,,3,0.000,,0.000,,,0,0,0,0,0,0,0,0,,0,,2,,,,,31933847
1989,Regular Season,Kintetsu Buffaloes,3,"Hada, Koichi",1B,77,181,156,0.256,0.348,0.359,0.707,20,17,40,28,9,2,1,56,1,1,23,0,31,3,0,0,2,31933847
1989,Regular Season,Seibu Lions,6,"Tanabe, Norio",SS,114,472,424,0.316,0.339,0.434,0.773,51,68,134,103,20,3,8,184,18,10,14,1,32,8,5,21,8,31933860
1989,Regular Season,Kintetsu Buffaloes,37,"Tanizaki, Koji",P,7,0,0,0.000,0.000,0.000,0.000,0,0,0,0,0,0,0,0,0,0,0,0,0,0,0,0,0,31933863
1989,Regular Season,Seibu Lions,29,"Van Burkleo, Tyler",DH,37,135,119,0.210,0.304,0.412,0.716,14,11,25,14,4,1,6,49,0,1,16,0,35,1,0,0,0,31933866
1989,Regular Season,Seibu Lions,5,"Tsuji, Hatsuhiko",2B,130,490,437,0.304,0.358,0.375,0.733,58,52,133,113,12,5,3,164,33,7,33,1,33,9,6,9,5,31933869
1989,Regular Season,Hanshin Tigers,17,"Ota, Takashi",P,18,6,3,0.000,0.000,0.000,0.000,0,0,0,0,0,0,0,0,0,0,0,0,0,1,0,3,0,33133868
1989,Regular Season,Hiroshima Toyo Carp,32,"Nishiyama, Shuji",PH,2,2,2,0.000,0.000,0.000,0.000,0,0,0,0,0,0,0,0,0,0,0,0,0,0,0,0,0,33233868
1989,Regular Season,Lotte Orions,50,"Mori, Koji",2B,6,0,0,0.000,0.000,0.000,0.000,0,0,0,0,0,0,0,0,0,0,0,0,0,0,0,0,0,33633868
1989,Regular Season,Fukuoka Daiei Hawks,32,"Matsumoto, Takuya",P,27,0,0,0.000,0.000,0.000,0.000,0,0,0,0,0,0,0,0,0,0,0,0,0,0,0,0,0,33733868
1989,Regular Season,Lotte Orions,35,"Watanabe, Hideaki",PR,2,0,0,0.000,0.000,0.000,0.000,1,0,0,0,0,0,0,0,0,0,0,0,0,0,0,0,0,33833868
1989,Regular Season,Fukuoka Daiei Hawks,53,"Yasuda, Hideyuki",1B,2,6,6,0.667,0.667,1.167,1.834,1,3,4,1,3,0,0,7,0,0,0,0,0,0,0,0,0,33933868
1989,Regular Season,Yakult Swallows,25,"Tomashino, Kenji",2B,120,483,429,0.263,0.334,0.352,0.686,57,27,113,88,17,3,5,151,32,15,41,0,77,5,5,7,1,35233868
1989,Regular Season,Kintetsu Buffaloes,40,"Akahori, Motoyuki",P,13,0,0,0.000,0.000,0.000,0.000,0,0,0,0,0,0,0,0,0,0,0,0,0,0,0,0,0,35433868
1989,Regular Season,Orix Braves,18,"Sakai, Tsutomu",P,39,1,1,0.000,0.000,0.000,0.000,0,0,0,0,0,0,0,0,0,0,0,0,1,0,0,0,0,35833868
1989,Regular Season,Orix Braves,23,"Ogawa, Hirofumi",SS,115,391,344,0.247,0.289,0.346,0.635,36,32,85,65,11,4,5,119,7,6,20,0,44,7,1,24,2,37133868
1989,Regular Season,Orix Braves,38,"Hoffman, Guy",P,21,0,0,0.000,0.000,0.000,0.000,0,0,0,0,0,0,0,0,0,0,0,0,0,0,0,0,0,37333868
1989,Regular Season,Lotte Orions,29,"Murata, Choji",P,22,0,0,0.000,0.000,0.000,0.000,0,0,0,0,0,0,0,0,0,0,0,0,0,0,0,0,0,41043826
1989,Regular Season,Nippon-Ham Fighters,10,"Hayakawa, Kazuo",PH,10,8,6,0.167,0.375,0.167,0.542,0,1,1,1,0,0,0,1,0,0,2,1,0,2,0,0,0,41043860
1989,Regular Season,Nippon-Ham Fighters,44,"Brewer, Tony",LF,130,555,477,0.306,0.395,0.528,0.923,70,73,146,95,23,1,27,252,8,6,71,4,79,17,2,0,5,41043862
1989,Regular Season,Seibu Lions,24,"Hirano, Ken",RF,98,437,365,0.268,0.332,0.381,0.713,49,32,98,68,21,7,2,139,6,4,35,1,52,8,0,36,1,41043863
1989,Regular Season,Nippon-Ham Fighters,57,"Mori, Noriyuki",PR,14,3,3,0.000,0.000,0.000,0.000,2,0,0,0,0,0,0,0,0,0,0,0,2,0,0,0,0,41043864
1989,Regular Season,Fukuoka Daiei Hawks,24,"Yano, Minoru",P,51,0,0,0.000,0.000,0.000,0.000,0,0,0,0,0,0,0,0,0,0,0,0,0,0,0,0,0,41043865
1989,Regular Season,Nippon-Ham Fighters,9,"Dayett, Brian",LF,84,354,313,0.278,0.359,0.463,0.822,39,41,87,57,16,0,14,145,2,2,38,2,63,15,2,0,1,41043866
1989,Regular Season,Seibu Lions,67,"Hamamoto, Ryuji",PH,6,3,3,0.000,0.000,0.000,0.000,0,0,0,0,0,0,0,0,0,0,0,0,0,0,0,0,0,41043869
1989,Regular Season,Fukuoka Daiei Hawks,8,"Kono, Takayuki",PH,64,122,102,0.216,0.298,0.235,0.533,5,13,22,20,2,0,0,24,3,1,12,0,16,3,0,8,0,41143840
1989,Regular Season,Chunichi Dragons,8,"Oishi, Tomoyoshi",C,33,19,19,0.158,0.158,0.158,0.316,0,2,3,3,0,0,0,3,0,0,0,0,2,0,0,0,0,41143861
1989,Regular Season,Seibu Lions,7,"Ishige, Hiromichi",3B,130,612,486,0.270,0.395,0.428,0.823,78,63,131,90,21,4,16,208,28,5,98,5,66,16,6,17,5,41143863
1989,Regular Season,Chunichi Dragons,58,"Emoto, Koichi",P,3,0,0,0.000,0.000,0.000,0.000,0,0,0,0,0,0,0,0,0,0,0,0,0,0,0,0,0,41143864
1989,Regular Season,Hanshin Tigers,47,"Shimao, Yasuhito",P,23,11,9,0.111,0.111,0.111,0.222,1,0,1,1,0,0,0,1,0,0,0,0,5,0,0,2,0,41143866
1989,Regular Season,Yokohama Taiyo Whales,11,"Ishikawa, Masaru",P,10,0,0,0.000,0.000,0.000,0.000,0,0,0,0,0,0,0,0,0,0,0,0,0,0,0,0,0,41143867
1989,Regular Season,Orix Braves,24,"Iizuka, Tomiji",PH,3,3,3,0.000,0.000,0.000,0.000,0,0,0,0,0,0,0,0,0,0,0,0,1,1,0,0,0,41143869
1989,Regular Season,Fukuoka Daiei Hawks,25,"Mashiba, Shigekuni",P,15,0,0,0.000,0.000,0.000,0.000,0,0,0,0,0,0,0,0,0,0,0,0,0,0,0,0,0,41243841
1989,Regular Season,Kintetsu Buffaloes,57,"Furukubo, Kenji",C,65,120,105,0.171,0.241,0.257,0.498,10,6,18,13,3,0,2,27,0,0,9,0,27,3,1,4,1,41243860
1989,Regular Season,Lotte Orions,30,"Morita, Yoshihiko",SS,86,161,133,0.226,0.325,0.278,0.603,22,13,30,23,7,0,0,37,2,3,18,0,29,1,2,7,1,41243862
1989,Regular Season,Lotte Orions,60,"Nagano, Yoshinari",P,18,0,0,0.000,0.000,0.000,0.000,0,0,0,0,0,0,0,0,0,0,0,0,0,0,0,0,0,41243866
1989,Regular Season,Orix Braves,25,"Fujita, Hiromasa",C,58,96,90,0.200,0.226,0.267,0.493,7,6,18,13,4,1,0,24,0,0,3,0,10,5,0,3,0,41243867
1989,Japan Series,Yomiuri Giants,19,"Yoshida, Shuji",P,1,,0,0.000,,0.000,,,0,0,0,0,0,0,0,0,,0,,0,,,,,41243868
1989,Regular Season,Yomiuri Giants,19,"Yoshida, Shuji",P,10,1,1,0.000,0.000,0.000,0.000,0,0,0,0,0,0,0,0,0,0,0,0,0,0,0,0,0,41243868
1989,Regular Season,Orix Braves,47,"Murakami, Shinichi",PH,14,14,12,0.083,0.154,0.167,0.321,1,0,1,0,1,0,0,2,0,0,1,0,0,0,0,1,0,41243869
1989,Regular Season,Yakult Swallows,23,"Sakai, Keiichi",P,5,0,0,0.000,0.000,0.000,0.000,0,0,0,0,0,0,0,0,0,0,0,0,0,0,0,0,0,41343844
1989,Regular Season,Hanshin Tigers,26,"Kudo, Kazuhiko",P,6,1,1,1.000,1.000,1.000,2.000,0,1,1,1,0,0,0,1,0,0,0,0,0,0,0,0,0,41343846
1989,Regular Season,Seibu Lions,3,"Kiyohara, Kazuhiro",1B,128,557,445,0.283,0.424,0.578,1.002,92,92,126,67,22,2,35,257,7,2,94,5,60,13,16,0,2,41343862
1989,Regular Season,Chunichi Dragons,44,"Koyama, Kazuyoshi",PH,22,31,28,0.179,0.207,0.321,0.528,5,2,5,3,1,0,1,9,0,0,1,0,7,1,0,2,0,41343864
1989,Japan Series,Kintetsu Buffaloes,6,"Kanemura, Yoshiaki",3B,7,,16,0.125,,0.188,,,0,2,1,1,0,0,3,0,,2,,5,,,,,41343865
1989,Regular Season,Kintetsu Buffaloes,6,"Kanemura, Yoshiaki",3B,81,288,244,0.225,0.312,0.340,0.652,32,30,55,41,7,0,7,83,0,2,29,0,68,6,2,12,1,41343865
1989,Regular Season,Yakult Swallows,3,"Nagashima, Kazushige",3B,69,163,156,0.250,0.276,0.385,0.661,12,15,39,27,7,1,4,60,1,0,6,0,29,6,0,0,1,41343866
1989,Regular Season,Hiroshima Toyo Carp,33,"Kawabata, Jun",P,33,9,7,0.571,0.571,0.714,1.285,0,0,4,3,1,0,0,5,0,0,0,0,1,0,0,2,0,41343869
1989,Japan Series,Yomiuri Giants,13,"Miyamoto, Kazutomo",P,1,,0,0.000,,0.000,,,0,0,0,0,0,0,0,0,,0,,0,,,,,41443860
1989,Regular Season,Yomiuri Giants,13,"Miyamoto, Kazutomo",P,18,34,30,0.167,0.194,0.167,0.361,1,2,5,5,0,0,0,5,0,0,1,0,14,0,0,3,0,41443860
1989,Regular Season,Yakult Swallows,67,"Ranbashi, Yukihito",P,23,7,5,0.000,0.167,0.000,0.167,0,0,0,0,0,0,0,0,0,0,1,0,3,0,0,1,0,41443862
1989,Regular Season,Seibu Lions,33,"Tachibana, Yoshiie",PH,53,59,51,0.196,0.288,0.255,0.543,1,11,10,9,0,0,1,13,0,0,7,0,7,1,0,0,1,41543846
1989,Regular Season,Chunichi Dragons,29,"Suzuki, Takamasa",P,24,14,11,0.091,0.167,0.091,0.258,0,0,1,1,0,0,0,1,0,0,1,0,3,1,0,2,0,41543847
1989,Japan Series,Kintetsu Buffaloes,2,"Kurihashi, Shigeru",PH,1,,1,0.000,,0.000,,,0,0,0,0,0,0,0,0,,0,,1,,,,,41543849
1989,Regular Season,Kintetsu Buffaloes,2,"Kurihashi, Shigeru",PH,53,90,75,0.187,0.311,0.320,0.631,3,13,14,8,4,0,2,24,0,3,13,1,15,1,1,0,1,41543849
1989,Regular Season,Nippon-Ham Fighters,18,"Kono, Hirofumi",P,37,0,0,0.000,0.000,0.000,0.000,0,0,0,0,0,0,0,0,0,0,0,0,0,0,0,0,0,41543860
1989,Regular Season,Fukuoka Daiei Hawks,0,"Sakaguchi, Chisen",3B,22,10,8,0.125,0.125,0.125,0.250,2,0,1,1,0,0,0,1,0,0,0,0,1,0,0,2,0,41543862
1989,Regular Season,Orix Braves,52,"Takahashi, Satoshi",1B,17,13,12,0.250,0.308,0.250,0.558,1,0,3,3,0,0,0,3,1,0,1,0,1,2,0,0,0,41543864
1989,Regular Season,Chunichi Dragons,32,"Hinshaw, George",RF,53,222,201,0.294,0.344,0.458,0.802,30,26,59,42,9,0,8,92,10,5,15,0,33,10,2,1,3,41543868
1989,Japan Series,Kintetsu Buffaloes,36,"Goseki, Masahiko",PH,3,,2,0.000,,0.000,,,0,0,0,0,0,0,0,0,,1,,0,,,,,41543869
1989,Regular Season,Kintetsu Buffaloes,36,"Goseki, Masahiko",PH,42,78,71,0.211,0.253,0.296,0.549,1,5,15,11,3,0,1,21,0,0,4,0,15,2,0,3,0,41543869
1989,Regular Season,Hanshin Tigers,12,"Fukuma, Osamu",P,9,1,0,0.000,0.000,0.000,0.000,0,0,0,0,0,0,0,0,0,0,0,0,0,0,0,1,0,41743848
1989,Regular Season,Lotte Orions,15,"So, Katsuo",P,29,0,0,0.000,0.000,0.000,0.000,0,0,0,0,0,0,0,0,0,0,0,0,0,0,0,0,0,41743860
1989,Regular Season,Nippon-Ham Fighters,37,"Tanaka, Yukio",SS,130,465,429,0.247,0.284,0.347,0.631,41,43,106,80,16,3,7,149,7,8,21,2,50,5,3,8,4,41743862
1989,Regular Season,Nippon-Ham Fighters,22,"Tamura, Fujio",C,123,408,366,0.249,0.307,0.413,0.720,35,45,91,55,23,2,11,151,5,7,28,1,73,5,3,10,1,41743863
1989,Japan Series,Kintetsu Buffaloes,60,"Nakatani, Tadami",PH,3,,3,0.000,,0.000,,,0,0,0,0,0,0,0,0,,0,,0,,,,,41743864
1989,Regular Season,Kintetsu Buffaloes,60,"Nakatani, Tadami",PH,46,117,106,0.274,0.333,0.387,0.720,11,13,29,19,9,0,1,41,0,0,9,1,19,1,1,0,1,41743864
1989,Regular Season,Hiroshima Toyo Carp,14,"Tsuda, Tsunemi",P,51,10,7,0.143,0.250,0.143,0.393,2,1,1,1,0,0,0,1,0,0,1,0,3,0,0,2,0,41743865
1989,Regular Season,Yomiuri Giants,32,"Takada, Makoto",C,3,3,2,0.000,0.333,0.000,0.333,0,0,0,0,0,0,0,0,0,0,1,0,0,1,0,0,0,41743866
1989,Regular Season,Orix Braves,20,"Tani, Ryoji",P,1,0,0,0.000,0.000,0.000,0.000,0,0,0,0,0,0,0,0,0,0,0,0,0,0,0,0,0,41743869
1989,Japan Series,Yomiuri Giants,2,"Minoda, Koji",PH,4,,12,0.167,,0.250,,,1,2,1,1,0,0,3,0,,2,,5,,,,,41943842
1989,Regular Season,Yomiuri Giants,2,"Minoda, Koji",PH,37,63,54,0.241,0.349,0.352,0.701,8,3,13,11,0,0,2,19,0,0,9,1,10,1,0,0,0,41943842
1989,Regular Season,Fukuoka Daiei Hawks,31,"Nagai, Tamotsu",P,39,0,0,0.000,0.000,0.000,0.000,0,0,0,0,0,0,0,0,0,0,0,0,0,0,0,0,0,41943845
1989,Regular Season,Fukuoka Daiei Hawks,51,"Nagata, Toshinori",3B,15,31,28,0.214,0.267,0.286,0.553,3,5,6,5,0,1,0,8,1,4,2,0,5,0,0,1,0,41943863
1989,Regular Season,Orix Braves,10,"Fujii, Yasuo",RF,121,498,432,0.292,0.371,0.576,0.947,66,90,126,66,27,3,30,249,3,5,54,4,72,10,4,2,6,41943864
1989,Regular Season,Orix Braves,61,"Kiyohara, Yuichi",P,27,0,0,0.000,0.000,0.000,0.000,0,0,0,0,0,0,0,0,0,0,0,0,0,0,0,0,0,41943866
1989,Regular Season,Hiroshima Toyo Carp,7,"Nomura, Kenjiro",PR,88,164,151,0.258,0.302,0.351,0.653,29,12,39,30,4,5,0,53,21,5,7,0,21,1,3,2,1,43243868
1989,Regular Season,Hanshin Tigers,37,"Takai, Hajime",PH,12,13,13,0.154,0.154,0.231,0.385,0,1,2,1,1,0,0,3,0,0,0,0,6,0,0,0,0,43343868
1989,Regular Season,Lotte Orions,59,"Aoyagi, Susumu",C,9,10,9,0.222,0.300,0.333,0.633,0,0,2,1,1,0,0,3,0,0,1,0,3,0,0,0,0,43643868
1989,Regular Season,Lotte Orions,49,"Hirai, Mitsuchika",PH,12,17,17,0.176,0.176,0.176,0.352,2,0,3,3,0,0,0,3,0,0,0,0,2,0,0,0,0,43843868
1989,Regular Season,Seibu Lions,56,"Yamano, Kazuaki",CF,15,33,29,0.345,0.367,0.345,0.712,4,1,10,10,0,0,0,10,4,0,1,0,6,2,0,3,0,45343868
1989,Japan Series,Kintetsu Buffaloes,27,"Nakane, Hitoshi",CF,3,,2,0.000,,0.000,,,0,0,0,0,0,0,0,0,,0,,0,,,,,45643868
1989,Regular Season,Kintetsu Buffaloes,27,"Nakane, Hitoshi",CF,59,157,144,0.236,0.286,0.479,0.765,25,21,34,19,5,0,10,69,2,1,10,0,44,3,0,3,0,45643868
1989,Regular Season,Yakult Swallows,19,"Oka, Yukitoshi",P,25,4,4,0.250,0.250,0.250,0.500,0,0,1,1,0,0,0,1,0,0,0,0,2,0,0,0,0,45943868
1989,Regular Season,Seibu Lions,17,"Yamane, Kazuo",P,31,0,0,0.000,0.000,0.000,0.000,0,0,0,0,0,0,0,0,0,0,0,0,0,0,0,0,0,51053844
1989,Regular Season,Nippon-Ham Fighters,26,"Nishimura, Motofumi",P,26,0,0,0.000,0.000,0.000,0.000,0,0,0,0,0,0,0,0,0,0,0,0,0,0,0,0,0,51053860
1989,Regular Season,Fukuoka Daiei Hawks,28,"Harada, Kenji",P,12,0,0,0.000,0.000,0.000,0.000,0,0,0,0,0,0,0,0,0,0,0,0,0,0,0,0,0,51053862
1989,Regular Season,Hiroshima Toyo Carp,27,"Hara, Shinji",PH,48,57,46,0.283,0.393,0.348,0.741,3,7,13,10,3,0,0,16,0,0,9,0,8,1,0,1,1,51053863
1989,Japan Series,Kintetsu Buffaloes,12,"Makishi, Yasunaga",SS,7,,22,0.364,,0.500,,,1,8,7,0,0,1,11,0,,2,,3,,,,,51053864
1989,Regular Season,Kintetsu Buffaloes,12,"Makishi, Yasunaga",SS,113,337,295,0.254,0.307,0.393,0.700,35,30,75,51,14,3,7,116,2,3,22,0,37,5,1,18,1,51053864
1989,Regular Season,Yakult Swallows,14,"Miyamoto, Kenji",P,33,9,9,0.222,0.222,0.222,0.444,0,1,2,2,0,0,0,2,0,0,0,0,4,0,0,0,0,51053865
1989,Regular Season,Nippon-Ham Fighters,6,"Easler, Mike",DH,45,186,162,0.296,0.387,0.488,0.875,19,32,48,31,10,0,7,79,3,0,23,2,39,4,1,0,0,51053866
1989,Regular Season,Yakult Swallows,20,"Nakamoto, Shigeki",P,23,32,27,0.111,0.111,0.111,0.222,0,0,3,3,0,0,0,3,0,0,0,0,13,0,0,5,0,51053867
1989,Regular Season,Seibu Lions,46,"Narita, Yukihiro",P,1,0,0,0.000,0.000,0.000,0.000,0,0,0,0,0,0,0,0,0,0,0,0,0,0,0,0,0,51053869
1989,Japan Series,Kintetsu Buffaloes,9,"Arai, Hiromasa",CF,7,,27,0.333,,0.407,,,1,9,8,0,1,0,11,0,,2,,2,,,,,51153840
1989,Regular Season,Kintetsu Buffaloes,9,"Arai, Hiromasa",CF,124,521,444,0.302,0.361,0.414,0.775,64,47,134,100,25,2,7,184,6,2,40,1,22,8,3,31,3,51153840
1989,Regular Season,Yakult Swallows,43,"Ai, Eijiro",P,4,0,0,0.000,0.000,0.000,0.000,0,0,0,0,0,0,0,0,0,0,0,0,0,0,0,0,0,51153860
1989,Regular Season,Nippon-Ham Fighters,4,"Igarashi, Shinichi",PH,51,79,74,0.284,0.312,0.514,0.826,11,14,21,13,3,1,4,38,1,0,2,0,12,2,1,2,0,51153861
1989,Regular Season,Yakult Swallows,10,"Arai, Yukio",LF,110,367,323,0.272,0.340,0.372,0.712,36,38,88,67,14,3,4,120,7,3,36,0,24,6,0,2,6,51153862
1989,Regular Season,Seibu Lions,1,"Akiyama, Koji",CF,130,555,478,0.301,0.391,0.563,0.954,92,99,144,85,24,4,31,269,31,14,68,4,93,10,5,0,4,51153863
1989,Japan Series,Kintetsu Buffaloes,14,"Awano, Hideyuki",P,1,,2,0.000,,0.000,,,0,0,0,0,0,0,0,0,,0,,1,,,,,51153864
1989,Regular Season,Kintetsu Buffaloes,14,"Awano, Hideyuki",P,33,0,0,0.000,0.000,0.000,0.000,0,0,0,0,0,0,0,0,0,0,0,0,0,0,0,0,0,51153864
1989,Regular Season,Chunichi Dragons,36,"Enda, Seiji",RF,41,31,26,0.231,0.250,0.269,0.519,7,1,6,5,1,0,0,7,6,2,1,0,5,0,0,3,1,51153866
1989,Regular Season,Chunichi Dragons,12,"Chin, Yoshinobu",P,16,7,5,0.200,0.200,0.200,0.400,0,1,1,1,0,0,0,1,0,0,0,0,2,0,0,2,0,51153868
1989,Regular Season,Nippon-Ham Fighters,99,"Wakana, Yoshiharu",C,55,90,84,0.250,0.284,0.381,0.665,6,9,21,15,2,3,1,32,0,2,3,0,7,3,1,2,0,51253849
1989,Regular Season,Fukuoka Daiei Hawks,29,"Yamamoto, Kazunori",DH,111,459,390,0.308,0.402,0.472,0.874,65,55,120,83,23,1,13,184,19,8,57,3,61,4,5,6,1,51253861
1989,Regular Season,Fukuoka Daiei Hawks,46,"Matsuzaki, Hideaki",P,5,0,0,0.000,0.000,0.000,0.000,0,0,0,0,0,0,0,0,0,0,0,0,0,0,0,0,0,51253862
1989,Regular Season,Orix Braves,8,"Matsunaga, Hiromi",3B,124,573,470,0.309,0.431,0.494,0.925,106,60,145,95,30,3,17,232,14,6,96,12,78,8,5,2,0,51253863
1989,Regular Season,Kintetsu Buffaloes,15,"Yamasaki, Shintaro",P,33,0,0,0.000,0.000,0.000,0.000,0,0,0,0,0,0,0,0,0,0,0,0,0,0,0,0,0,51253864
1989,Japan Series,Yomiuri Giants,7,"Yoshimura, Sadaaki",PH,4,,6,0.333,,0.333,,,0,2,2,0,0,0,2,0,,0,,0,,,,,51253865
1989,Regular Season,Yomiuri Giants,7,"Yoshimura, Sadaaki",PH,17,31,28,0.179,0.226,0.179,0.405,0,4,5,5,0,0,0,5,0,0,2,0,3,0,0,0,1,51253865
1989,Regular Season,Fukuoka Daiei Hawks,11,"Yoshida, Toyohiko",P,29,0,0,0.000,0.000,0.000,0.000,0,0,0,0,0,0,0,0,0,0,0,0,0,0,0,0,0,51253866
1989,Regular Season,Fukuoka Daiei Hawks,20,"Fujimoto, Shuji",P,5,0,0,0.000,0.000,0.000,0.000,0,0,0,0,0,0,0,0,0,0,0,0,0,0,0,0,0,51253869
1989,Regular Season,Orix Braves,21,"Imai, Yutaro",P,34,0,0,0.000,0.000,0.000,0.000,0,0,0,0,0,0,0,0,0,0,0,0,0,0,0,0,0,51353843
1989,Regular Season,Yokohama Taiyo Whales,44,"Kato, Hirokazu",PH,76,90,76,0.263,0.344,0.382,0.726,6,21,20,13,6,0,1,29,3,1,10,2,16,3,1,0,3,51353845
1989,Regular Season,Hiroshima Toyo Carp,9,"Osanai, Takashi",1B,97,287,260,0.273,0.325,0.462,0.787,32,42,71,45,14,1,11,120,2,0,21,1,43,1,1,1,4,51353861
1989,Japan Series,Yomiuri Giants,5,"Okazaki, Kaoru",3B,7,,24,0.250,,0.542,,,6,6,3,1,0,2,13,0,,4,,0,,,,,51353865
1989,Regular Season,Yomiuri Giants,5,"Okazaki, Kaoru",3B,127,501,444,0.268,0.335,0.405,0.740,57,59,119,83,23,1,12,180,4,3,43,1,49,8,4,5,5,51353865
1989,Regular Season,Hanshin Tigers,46,"Yokotani, Soichi",1B,33,60,57,0.298,0.322,0.509,0.831,5,7,17,11,3,0,3,29,2,0,2,0,14,3,0,1,0,51353866
1989,Japan Series,Kintetsu Buffaloes,10,"Yamashita, Kazuhiko",C,6,,9,0.111,,0.333,,,0,1,0,0,1,0,3,0,,2,,4,,,,,51453862
1989,Regular Season,Kintetsu Buffaloes,10,"Yamashita, Kazuhiko",C,113,339,282,0.262,0.340,0.404,0.744,39,35,74,47,20,1,6,114,1,2,29,2,73,5,5,21,2,51453862
1989,Japan Series,Kintetsu Buffaloes,41,"Kinoshita, Fuminobu",P,1,,0,0.000,,0.000,,,0,0,0,0,0,0,0,0,,0,,0,,,,,51453866
1989,Regular Season,Kintetsu Buffaloes,41,"Kinoshita, Fuminobu",P,21,0,0,0.000,0.000,0.000,0.000,0,0,0,0,0,0,0,0,0,0,0,0,0,0,0,0,0,51453866
1989,Regular Season,Lotte Orions,39,"Maruyama, Kazuhito",2B,21,47,37,0.243,0.326,0.270,0.596,5,7,9,8,1,0,0,10,0,0,5,0,10,0,0,4,1,51453867
1989,Regular Season,Seibu Lions,41,"Watanabe, Hisanobu",P,30,0,0,0.000,0.000,0.000,0.000,0,0,0,0,0,0,0,0,0,0,0,0,0,0,0,0,0,51453869
1989,Regular Season,Yakult Swallows,5,"Sumi, Fujio",3B,96,318,282,0.266,0.317,0.387,0.704,27,32,75,52,17,1,5,109,0,2,20,2,46,7,2,12,2,51553842
1989,Regular Season,Nippon-Ham Fighters,13,"Shibata, Yasumitsu",P,35,0,0,0.000,0.000,0.000,0.000,0,0,0,0,0,0,0,0,0,0,0,0,0,0,0,0,0,51553848
1989,Regular Season,Hiroshima Toyo Carp,34,"Kawaguchi, Kazuhisa",P,29,84,78,0.205,0.215,0.231,0.446,5,5,16,14,2,0,0,18,0,1,1,0,25,1,0,5,0,51553863
1989,Regular Season,Seibu Lions,47,"Kudo, Kimiyasu",P,34,0,0,0.000,0.000,0.000,0.000,0,0,0,0,0,0,0,0,0,0,0,0,0,0,0,0,0,51553865
1989,Regular Season,Yokohama Taiyo Whales,48,"Kitano, Katsunori",P,1,0,0,0.000,0.000,0.000,0.000,0,0,0,0,0,0,0,0,0,0,0,0,0,0,0,0,0,51553866
1989,Regular Season,Hanshin Tigers,22,"Kido, Katsuhiko",C,93,317,280,0.246,0.299,0.368,0.667,22,32,69,48,14,1,6,103,3,1,21,1,49,7,1,13,2,51553867
1989,Regular Season,Chunichi Dragons,56,"Maehara, Hiroyuki",3B,15,21,21,0.095,0.095,0.095,0.190,0,1,2,2,0,0,0,2,0,0,0,0,9,1,0,0,0,51553868
1989,Japan Series,Kintetsu Buffaloes,11,"Yoshii, Masato",P,2,,0,0.000,,0.000,,,0,0,0,0,0,0,0,0,,0,,0,,,,,51653860
1989,Regular Season,Kintetsu Buffaloes,11,"Yoshii, Masato",P,47,0,0,0.000,0.000,0.000,0.000,0,0,0,0,0,0,0,0,0,0,0,0,0,0,0,0,0,51653860
1989,Regular Season,Hiroshima Toyo Carp,43,"Sakakibara, Soichiro",PH,10,15,15,0.267,0.267,0.333,0.600,1,0,4,3,1,0,0,5,0,0,0,0,6,1,0,0,0,51753866
1989,Regular Season,Nippon-Ham Fighters,19,"Ueoka, Ryoichi",P,2,0,0,0.000,0.000,0.000,0.000,0,0,0,0,0,0,0,0,0,0,0,0,0,0,0,0,0,51753868
1989,Japan Series,Yomiuri Giants,44,"Ogata, Koichi",RF,6,,13,0.154,,0.154,,,0,2,2,0,0,0,2,3,,2,,2,,,,,51853868
1989,Regular Season,Yomiuri Giants,44,"Ogata, Koichi",RF,76,247,221,0.308,0.345,0.403,0.748,31,22,68,55,8,2,3,89,13,6,12,0,30,1,1,12,1,51853868
1989,Regular Season,Seibu Lions,15,"Matsunuma, Hirohisa",P,27,0,0,0.000,0.000,0.000,0.000,0,0,0,0,0,0,0,0,0,0,0,0,0,0,0,0,0,51953848
1989,Regular Season,Hanshin Tigers,21,"Toyama, Shoji",P,10,9,8,0.250,0.250,0.375,0.625,0,0,2,1,1,0,0,3,0,0,0,0,1,0,0,1,0,51953862
1989,Regular Season,Fukuoka Daiei Hawks,10,"Nishimura, Hidetsugu",P,9,0,0,0.000,0.000,0.000,0.000,0,0,0,0,0,0,0,0,0,0,0,0,0,0,0,0,0,51953864
1989,Regular Season,Chunichi Dragons,41,"Tanaka, Tomio",P,16,6,3,0.333,0.333,0.333,0.666,0,0,1,1,0,0,0,1,0,0,0,0,1,0,0,3,0,51953867
1989,Regular Season,Hanshin Tigers,20,"Watanabe, Nobuhiko",P,31,3,3,0.000,0.000,0.000,0.000,0,0,0,0,0,0,0,0,0,0,0,0,0,0,0,0,0,53153868
1989,Regular Season,Hanshin Tigers,67,"Kameyama, Tsutomu",PH,28,38,36,0.139,0.139,0.194,0.333,4,1,5,3,2,0,0,7,1,0,0,0,10,1,0,2,0,53553868
1989,Regular Season,Lotte Orions,44,"Shimada, Shigeru",PH,42,56,54,0.222,0.250,0.296,0.546,3,1,12,8,4,0,0,16,0,0,2,0,9,5,0,0,0,53853868
1989,Regular Season,Yokohama Taiyo Whales,13,"Ishida, Tomoya",P,4,0,0,0.000,0.000,0.000,0.000,0,0,0,0,0,0,0,0,0,0,0,0,0,0,0,0,0,55553868
1989,Japan Series,Kintetsu Buffaloes,8,"Yonezaki, Kunji",SS,1,,1,0.000,,0.000,,,0,0,0,0,0,0,0,0,,0,,0,,,,,55653868
1989,Regular Season,Kintetsu Buffaloes,8,"Yonezaki, Kunji",SS,32,79,69,0.203,0.267,0.348,0.615,8,6,14,8,4,0,2,24,1,0,6,0,13,0,0,4,0,55653868
1989,Regular Season,Orix Braves,26,"Ito, Takahide",P,35,0,0,0.000,0.000,0.000,0.000,0,0,0,0,0,0,0,0,0,0,0,0,0,0,0,0,0,55853868
1989,Regular Season,Seibu Lions,30,"Hirohashi, Koju",PH,9,13,10,0.000,0.167,0.000,0.167,1,0,0,0,0,0,0,0,0,0,2,0,1,0,0,1,0,61063863
1989,Regular Season,Fukuoka Daiei Hawks,22,"Mori, Hiroyuki",C,3,5,4,0.250,0.200,0.250,0.450,0,1,1,1,0,0,0,1,0,0,0,0,1,0,0,0,1,61063864
1989,Regular Season,Orix Braves,12,"Yamaoki, Yukihiko",P,29,0,0,0.000,0.000,0.000,0.000,0,0,0,0,0,0,0,0,0,0,0,0,0,0,0,0,0,61063865
1989,Regular Season,Lotte Orions,25,"Hiranuma, Sadaharu",P,37,0,0,0.000,0.000,0.000,0.000,0,0,0,0,0,0,0,0,0,0,0,0,0,0,0,0,0,61063869
1989,Regular Season,Yomiuri Giants,23,"Ueda, Kazuaki",SS,52,81,71,0.183,0.247,0.268,0.515,13,3,13,9,3,0,1,19,4,0,6,0,16,0,0,4,0,61163860
1989,Regular Season,Hiroshima Toyo Carp,23,"Ueda, Yukihiro",C,65,138,123,0.163,0.214,0.301,0.515,11,10,20,11,5,0,4,37,1,0,7,0,23,2,1,7,0,61163862
1989,Regular Season,Yokohama Taiyo Whales,51,"Ishibashi, Mitsugu",LF,68,76,63,0.270,0.378,0.397,0.775,14,4,17,12,3,1,1,25,7,0,11,2,17,0,0,2,0,61163863
1989,Regular Season,Yakult Swallows,35,"Ogawa, Junji",LF,95,122,106,0.264,0.355,0.453,0.808,11,13,28,16,8,0,4,48,3,4,14,1,24,3,1,1,0,61163865
1989,Regular Season,Hanshin Tigers,18,"Ikeda, Chikafusa",P,16,22,22,0.136,0.136,0.227,0.363,0,0,3,2,0,1,0,5,0,0,0,0,5,0,0,0,0,61163869
1989,Regular Season,Orix Braves,35,"Furumizo, Katsuyuki",P,8,0,0,0.000,0.000,0.000,0.000,0,0,0,0,0,0,0,0,0,0,0,0,0,0,0,0,0,61263860
1989,Regular Season,Yakult Swallows,12,"Yano, Kazuya",P,22,39,33,0.152,0.200,0.212,0.412,2,3,5,4,0,1,0,7,0,0,2,0,7,1,0,4,0,61263862
1989,Regular Season,Fukuoka Daiei Hawks,18,"Yamauchi, Kazuhiro",P,39,0,0,0.000,0.000,0.000,0.000,0,0,0,0,0,0,0,0,0,0,0,0,0,0,0,0,0,61263863
1989,Regular Season,Nippon-Ham Fighters,28,"Futamura, Tadami",LF,84,156,140,0.207,0.263,0.329,0.592,19,14,29,20,5,0,4,46,6,2,11,0,30,3,0,4,1,61263867
1989,Regular Season,Yomiuri Giants,26,"Matsutani, Ryujiro",P,6,0,0,0.000,0.000,0.000,0.000,0,0,0,0,0,0,0,0,0,0,0,0,0,0,0,0,0,61263868
1989,Japan Series,Kintetsu Buffaloes,5,"Murakami, Takayuki",CF,6,,8,0.375,,0.750,,,1,3,2,0,0,1,6,0,,1,,2,,,,,61263869
1989,Regular Season,Kintetsu Buffaloes,5,"Murakami, Takayuki",CF,50,175,160,0.306,0.354,0.506,0.860,24,25,49,30,11,3,5,81,2,0,13,0,32,5,0,0,2,61263869
1989,Regular Season,Lotte Orions,6,"Kamikawa, Seiji",2B,112,394,361,0.285,0.337,0.435,0.772,43,43,103,73,18,0,12,157,8,3,26,2,22,11,2,5,0,61363865
1989,Japan Series,Kintetsu Buffaloes,30,"Kato, Tetsuro",P,1,,2,0.000,,0.000,,,0,0,0,0,0,0,0,0,,1,,2,,,,,61363867
1989,Regular Season,Kintetsu Buffaloes,30,"Kato, Tetsuro",P,28,0,0,0.000,0.000,0.000,0.000,0,0,0,0,0,0,0,0,0,0,0,0,0,0,0,0,0,61363867
1989,Regular Season,Chunichi Dragons,4,"Shimizu, Masaji",2B,21,25,22,0.045,0.045,0.136,0.181,1,1,1,0,0,1,0,3,1,1,0,0,4,0,0,3,0,61363868
1989,Regular Season,Yokohama Taiyo Whales,59,"Yamazaki, Kenichi",CF,129,534,476,0.309,0.360,0.424,0.784,64,56,147,111,24,5,7,202,17,7,38,3,59,6,4,9,7,61463860
1989,Regular Season,Hanshin Tigers,36,"Yamawaki, Koji",SS,70,98,90,0.267,0.305,0.322,0.627,13,4,24,21,1,2,0,29,5,2,5,1,18,1,0,3,0,61463867
1989,Regular Season,Hiroshima Toyo Carp,5,"Takashiro, Nobuhiro",PH,24,35,32,0.250,0.286,0.281,0.567,2,4,8,7,1,0,0,9,1,1,2,0,6,1,0,0,1,61563848
1989,Japan Series,Yomiuri Giants,48,"Koda, Isao",P,1,,4,0.000,,0.000,,,0,0,0,0,0,0,0,0,,0,,1,,,,,61563860
1989,Regular Season,Yomiuri Giants,48,"Koda, Isao",P,22,28,20,0.050,0.095,0.050,0.145,0,0,1,1,0,0,0,1,0,0,1,0,6,0,0,7,0,61563860
1989,Japan Series,Yomiuri Giants,10,"Komada, Norihiro",1B,7,,23,0.522,,0.783,,,5,12,8,3,0,1,18,1,,3,,3,,,,,61563867
1989,Regular Season,Yomiuri Giants,10,"Komada, Norihiro",1B,126,458,413,0.303,0.367,0.472,0.839,47,56,125,80,31,3,11,195,10,6,40,10,60,10,2,3,0,61563867
1989,Regular Season,Chunichi Dragons,55,"Taiho, Yasuaki",LF,101,353,309,0.233,0.318,0.427,0.745,37,36,72,40,18,0,14,132,2,3,36,0,86,9,3,4,1,61563868
1989,Regular Season,Yokohama Taiyo Whales,3,"Takagi, Yutaka",2B,127,567,497,0.278,0.360,0.374,0.734,71,31,138,102,29,2,5,186,32,17,61,6,72,6,3,6,0,61763863
1989,Regular Season,Chunichi Dragons,39,"Nakamura, Takeshi",C,125,420,352,0.270,0.370,0.364,0.734,23,41,95,76,12,0,7,128,2,2,55,19,94,7,2,9,2,61763864
1989,Regular Season,Yomiuri Giants,33,"Masuda, Akinori",P,5,0,0,0.000,0.000,0.000,0.000,0,0,0,0,0,0,0,0,0,0,0,0,0,0,0,0,0,61763866
1989,Regular Season,Yokohama Taiyo Whales,9,"Choshi, Toshio",3B,114,453,402,0.281,0.318,0.371,0.689,43,26,113,81,30,0,2,149,8,4,18,0,53,10,4,28,1,61763869
1989,Regular Season,Yokohama Taiyo Whales,31,"Yashiki, Kaname",CF,68,171,155,0.206,0.272,0.290,0.562,22,10,32,24,5,1,2,45,11,3,13,0,23,4,1,2,0,61963846
1989,Regular Season,Hanshin Tigers,34,"Nakada, Koji",P,26,35,31,0.129,0.156,0.129,0.285,3,2,4,4,0,0,0,4,0,0,1,0,6,0,0,3,0,61963860
1989,Regular Season,Chunichi Dragons,42,"Nakamura, Hiromichi",P,2,0,0,0.000,0.000,0.000,0.000,0,0,0,0,0,0,0,0,0,0,0,0,0,0,0,0,0,61963862
1989,Regular Season,Seibu Lions,42,"Nishimoto, Kazuhito",P,38,0,0,0.000,0.000,0.000,0.000,0,0,0,0,0,0,0,0,0,0,0,0,0,0,0,0,0,61963863
1989,Regular Season,Seibu Lions,35,"Fujino, Seigo",SS,54,66,50,0.240,0.304,0.400,0.704,3,7,12,7,3,1,1,20,0,1,5,0,10,0,0,10,1,61963864
1989,Regular Season,Seibu Lions,4,"Tomashino, Seiji",LF,60,89,81,0.185,0.214,0.235,0.449,20,1,15,11,4,0,0,19,3,2,3,1,9,0,0,5,0,61963867
1989,Regular Season,Hanshin Tigers,19,"Nakanishi, Kiyoki",P,37,51,47,0.191,0.208,0.191,0.399,3,1,9,9,0,0,0,9,0,0,0,0,15,2,1,3,0,61963869
1989,Regular Season,Hiroshima Toyo Carp,25,"Masuda, Naoya",PR,2,0,0,0.000,0.000,0.000,0.000,1,0,0,0,0,0,0,0,0,1,0,0,0,0,0,0,0,63263868
1989,Regular Season,Hanshin Tigers,44,"Fielder, Cecil",1B,106,454,384,0.302,0.403,0.628,1.031,60,81,116,67,11,0,38,241,0,0,65,7,107,13,2,0,3,63363868
1989,Regular Season,Lotte Orions,11,"Maeda, Yukinaga",P,27,0,0,0.000,0.000,0.000,0.000,0,0,0,0,0,0,0,0,0,0,0,0,0,0,0,0,0,63463868
1989,Regular Season,Lotte Orions,66,"Fukuzawa, Yoichi",C,98,225,196,0.173,0.217,0.194,0.411,17,8,34,30,4,0,0,38,3,4,11,0,22,3,0,18,0,63663868
1989,Regular Season,Fukuoka Daiei Hawks,7,"Upshaw, Willie",1B,123,540,462,0.255,0.357,0.539,0.896,81,80,118,55,28,2,33,249,5,6,73,2,100,9,2,0,3,63763868
1989,Regular Season,Hiroshima Toyo Carp,22,"Adachi, Wataru",P,2,3,3,0.000,0.000,0.000,0.000,0,0,0,0,0,0,0,0,0,0,0,0,1,0,0,0,0,63963868
1989,Regular Season,Yokohama Taiyo Whales,66,"Ishii, Takuro",P,17,5,5,0.400,0.400,0.400,0.800,1,0,2,2,0,0,0,2,0,0,0,0,2,0,0,0,0,65563868
1989,Regular Season,Orix Braves,29,"Takashima, Toru",C,3,4,4,0.250,0.250,0.250,0.500,1,1,1,1,0,0,0,1,0,0,0,0,1,0,0,0,0,65863868
1989,Regular Season,Yakult Swallows,22,"Kaseda, Yukinari",P,6,0,0,0.000,0.000,0.000,0.000,0,0,0,0,0,0,0,0,0,0,0,0,0,0,0,0,0,65963868
1989,Regular Season,Nippon-Ham Fighters,1,"Hirose, Tetsuro",PR,70,17,16,0.313,0.353,0.563,0.916,14,1,5,2,2,1,0,9,6,5,1,0,5,0,0,0,0,71073862
1989,Japan Series,Yomiuri Giants,8,"Hara, Tatsunori",LF,7,,22,0.091,,0.364,,,6,2,0,0,0,2,8,0,,5,,1,,,,,71073863
1989,Regular Season,Yomiuri Giants,8,"Hara, Tatsunori",LF,114,459,395,0.261,0.359,0.506,0.865,60,74,103,56,22,0,25,200,3,3,60,4,68,6,2,0,2,71073863
1989,Regular Season,Fukuoka Daiei Hawks,38,"Migita, Masahiko",PH,61,77,67,0.254,0.351,0.373,0.724,12,6,17,11,4,2,0,25,1,1,9,0,13,0,1,0,0,71073864
1989,Regular Season,Nippon-Ham Fighters,52,"Tanaka, Minoru",RF,3,0,0,0.000,0.000,0.000,0.000,0,0,0,0,0,0,0,0,0,0,0,0,0,0,0,0,0,71073866
1989,Regular Season,Chunichi Dragons,31,"Nimura, Kaoru",LF,82,116,100,0.230,0.278,0.360,0.638,10,13,23,16,3,2,2,36,0,2,7,2,27,3,0,8,1,71073869
1989,Regular Season,Hanshin Tigers,14,"Ito, Fumitaka",P,28,35,29,0.138,0.219,0.172,0.391,0,0,4,3,1,0,0,5,0,0,3,0,13,1,0,3,0,71173846
1989,Regular Season,Yomiuri Giants,9,"Arita, Shuzo",C,30,74,64,0.234,0.338,0.281,0.619,2,5,15,12,3,0,0,18,0,0,10,4,18,3,0,0,0,71173847
1989,Regular Season,Seibu Lions,27,"Ito, Tsutomu",C,117,437,374,0.235,0.319,0.350,0.669,37,35,88,64,14,1,9,131,3,2,45,0,56,9,2,14,2,71173865
1989,Regular Season,Chunichi Dragons,40,"Oto, Shigeki",RF,78,253,219,0.251,0.303,0.338,0.641,29,16,55,40,12,2,1,74,4,2,14,0,34,3,3,15,2,71173866
1989,Regular Season,Chunichi Dragons,14,"Imanaka, Shinji",P,10,11,10,0.000,0.000,0.000,0.000,0,0,0,0,0,0,0,0,0,0,0,0,4,0,0,1,0,71173868
1989,Regular Season,Yakult Swallows,8,"Hirosawa, Katsumi",RF,130,529,470,0.270,0.347,0.413,0.760,63,59,127,94,16,0,17,194,11,5,49,1,125,11,7,1,2,71273860
1989,Regular Season,Orix Braves,36,"Yamamori, Masafumi",CF,50,49,45,0.289,0.333,0.333,0.666,8,3,13,11,2,0,0,15,0,1,3,1,8,3,0,1,0,71273861
1989,Regular Season,Yokohama Taiyo Whales,29,"Matsumoto, Yutaka",P,49,17,16,0.063,0.118,0.063,0.181,1,0,1,1,0,0,0,1,0,0,1,0,11,0,0,0,0,71273862
1989,Regular Season,Fukuoka Daiei Hawks,9,"Bernazard, Tony",2B,122,533,446,0.271,0.383,0.543,0.926,71,93,121,68,19,0,34,242,2,2,80,6,94,12,3,0,4,71273866
1989,Regular Season,Hanshin Tigers,13,"Okabe, Noriaki",P,7,0,0,0.000,0.000,0.000,0.000,0,0,0,0,0,0,0,0,0,0,0,0,0,0,0,0,0,71373846
1989,Regular Season,Yomiuri Giants,29,"Katori, Yoshitaka",P,21,4,4,0.000,0.000,0.000,0.000,0,0,0,0,0,0,0,0,0,0,0,0,4,0,0,0,0,71373848
1989,Regular Season,Lotte Orions,38,"Okabe, Akihito",PH,45,63,54,0.148,0.226,0.278,0.504,4,12,8,5,1,0,2,15,0,0,6,0,9,1,0,1,2,71373860
1989,Regular Season,Fukuoka Daiei Hawks,2,"Kagawa, Nobuyuki",PH,45,66,59,0.220,0.266,0.322,0.588,2,12,13,11,0,0,2,19,0,0,4,0,13,1,0,2,1,71373861
1989,Regular Season,Yokohama Taiyo Whales,16,"Kakehata, Mitsunori",P,36,42,36,0.167,0.189,0.222,0.411,1,0,6,4,2,0,0,8,0,0,0,0,7,2,1,5,0,71373865
1989,Regular Season,Hanshin Tigers,41,"Yoshikawa, Hiroyuki",PH,6,10,7,0.286,0.500,0.571,1.071,3,0,2,1,0,1,0,4,1,0,3,0,2,0,0,0,0,71373866
1989,Regular Season,Fukuoka Daiei Hawks,17,"Kato, Shinichi",P,31,0,0,0.000,0.000,0.000,0.000,0,0,0,0,0,0,0,0,0,0,0,0,0,0,0,0,0,71373869
1989,Japan Series,Kintetsu Buffaloes,20,"Takayanagi, Izumi",P,1,,0,0.000,,0.000,,,0,0,0,0,0,0,0,0,,0,,0,,,,,71473866
1989,Regular Season,Kintetsu Buffaloes,20,"Takayanagi, Izumi",P,19,0,0,0.000,0.000,0.000,0.000,0,0,0,0,0,0,0,0,0,0,0,0,0,0,0,0,0,71473866
1989,Regular Season,Hanshin Tigers,56,"Mikoshiba, Susumu",P,33,13,13,0.231,0.231,0.231,0.462,1,0,3,3,0,0,0,3,0,0,0,0,6,0,0,0,0,71473867
1989,Regular Season,Orix Braves,78,"Kadota, Hiromitsu",DH,116,489,406,0.305,0.417,0.596,1.013,70,93,124,73,17,1,33,242,0,2,78,3,103,12,2,0,3,71573841
1989,Regular Season,Hanshin Tigers,8,"Tao, Yasushi",LF,84,266,252,0.286,0.312,0.397,0.709,20,27,72,54,13,0,5,100,0,2,9,0,30,9,1,3,1,71573842
1989,Regular Season,Yakult Swallows,39,"Shibui, Keiichi",2B,82,72,65,0.308,0.338,0.415,0.753,8,1,20,15,4,0,1,27,0,0,3,0,11,2,0,4,0,71573846
1989,Regular Season,Orix Braves,6,"Kumano, Terumitsu",PH,71,147,123,0.236,0.343,0.293,0.636,15,9,29,26,1,0,2,36,4,0,20,1,21,2,0,4,0,71573860
1989,Regular Season,Seibu Lions,12,"Kitamura, Terufumi",LF,77,23,19,0.105,0.227,0.158,0.385,2,1,2,1,1,0,0,3,1,1,3,0,7,0,0,1,0,71573861
1989,Regular Season,Yokohama Taiyo Whales,5,"Shimizu, Yoshiyuki",3B,28,63,56,0.232,0.267,0.321,0.588,5,3,13,10,2,0,1,18,0,1,2,0,17,1,1,3,1,71573866
1989,Regular Season,Yakult Swallows,46,"Kuriyama, Hideki",CF,125,484,420,0.255,0.291,0.326,0.617,49,26,107,84,18,3,2,137,4,4,17,2,34,5,6,37,4,71573869
1989,Regular Season,Lotte Orions,58,"Yoshioka, Tomoki",P,33,0,0,0.000,0.000,0.000,0.000,0,0,0,0,0,0,0,0,0,0,0,0,0,0,0,0,0,71673860
1989,Regular Season,Fukuoka Daiei Hawks,5,"Yamamura, Yoshinori",PH,4,7,7,0.286,0.286,0.429,0.715,0,0,2,1,1,0,0,3,1,0,0,0,2,0,0,0,0,71773840
1989,Japan Series,Yomiuri Giants,24,"Nakahata, Kiyoshi",3B,3,,5,0.200,,0.800,,,1,1,0,0,0,1,4,0,,0,,0,,,,,71773844
1989,Regular Season,Yomiuri Giants,24,"Nakahata, Kiyoshi",3B,49,128,113,0.221,0.302,0.327,0.629,8,6,25,17,6,0,2,37,0,2,12,3,24,2,1,2,0,71773844
1989,Regular Season,Hanshin Tigers,9,"Sano, Noriyoshi",PH,19,24,23,0.174,0.208,0.174,0.382,0,0,4,4,0,0,0,4,0,0,1,0,1,0,0,0,0,71773849
1989,Regular Season,Hanshin Tigers,27,"Shimada, Munehiko",C,30,33,29,0.172,0.226,0.207,0.433,1,1,5,4,1,0,0,6,0,0,2,1,6,0,0,2,0,71773860
1989,Regular Season,Chunichi Dragons,37,"Suzuki, Yasutomo",SS,80,119,100,0.220,0.266,0.260,0.526,15,9,22,18,4,0,0,26,3,3,7,0,23,0,0,10,2,71773861
1989,Regular Season,Lotte Orions,28,"Sonokawa, Kazumi",P,33,0,0,0.000,0.000,0.000,0.000,0,0,0,0,0,0,0,0,0,0,0,0,0,0,0,0,0,71773862
1989,Regular Season,Yakult Swallows,38,"Dobashi, Katsuyuki",PH,9,14,12,0.083,0.214,0.083,0.297,0,0,1,1,0,0,0,1,0,0,2,0,5,0,0,0,0,71773864
1989,Regular Season,Hiroshima Toyo Carp,55,"Matsubayashi, Kazuo",PR,20,11,10,0.200,0.200,0.700,0.900,6,1,2,0,0,1,1,7,3,1,0,0,5,0,0,1,0,71773866
1989,Regular Season,Orix Braves,31,"Shibahara, Minoru",PH,3,2,2,0.000,0.000,0.000,0.000,0,0,0,0,0,0,0,0,0,0,0,0,1,0,0,0,0,71773867
1989,Regular Season,Yokohama Taiyo Whales,6,"Takahashi, Masahiro",SS,86,305,268,0.224,0.304,0.299,0.603,25,27,60,44,14,0,2,80,5,4,30,6,47,4,2,2,3,71973860
1989,Regular Season,Hanshin Tigers,30,"Hirata, Katsuo",SS,89,119,102,0.137,0.191,0.186,0.377,7,6,14,10,3,1,0,19,1,0,6,2,9,3,1,9,1,71973865
1989,Regular Season,Seibu Lions,32,"Haraguchi, Tetsuya",P,5,0,0,0.000,0.000,0.000,0.000,0,0,0,0,0,0,0,0,0,0,0,0,0,0,0,0,0,71973866
1989,Regular Season,Yakult Swallows,44,"Takani, Hideharu",PH,17,13,12,0.167,0.231,0.167,0.398,1,0,2,2,0,0,0,2,0,1,1,0,1,0,0,0,0,71973867
1989,Regular Season,Hanshin Tigers,49,"Hattori, Hiroaki",P,4,0,0,0.000,0.000,0.000,0.000,0,0,0,0,0,0,0,0,0,0,0,0,0,0,0,0,0,73173868
1989,Regular Season,Hanshin Tigers,38,"Iwata, Toru",C,25,23,23,0.043,0.043,0.043,0.086,0,0,1,1,0,0,0,1,0,0,0,0,7,0,0,0,0,73373868
1989,Regular Season,Lotte Orions,54,"Ishida, Masahiko",P,1,0,0,0.000,0.000,0.000,0.000,0,0,0,0,0,0,0,0,0,0,0,0,0,0,0,0,0,73673868
1989,Regular Season,Lotte Orions,45,"Hori, Koichi",2B,58,86,77,0.260,0.313,0.377,0.690,11,9,20,13,6,0,1,29,1,2,4,0,15,0,2,3,0,73873868
1989,Regular Season,Fukuoka Daiei Hawks,47,"Hironaga, Yasutaka",PH,35,49,47,0.298,0.327,0.638,0.965,11,15,14,6,4,0,4,30,0,0,2,1,17,1,0,0,0,73973868
1989,Regular Season,Yokohama Taiyo Whales,27,"Tanabe, Manabu",P,25,7,6,0.333,0.333,0.500,0.833,1,0,2,1,1,0,0,3,0,0,0,0,3,0,0,1,0,75573868
1989,Regular Season,Kintetsu Buffaloes,25,"Dodson, Pat",1B,6,21,16,0.313,0.476,0.375,0.851,1,1,5,4,1,0,0,6,0,0,4,0,4,0,1,0,0,75673868
1989,Regular Season,Orix Braves,4,"Brown, Todd",CF,31,95,89,0.247,0.295,0.449,0.744,13,14,22,13,3,3,3,40,3,2,5,0,24,0,1,0,0,77173868
1989,Japan Series,Kintetsu Buffaloes,33,"Rivera, German",1B,7,,24,0.292,,0.500,,,5,7,4,2,0,1,12,0,,4,,4,,,,,77373868
1989,Regular Season,Kintetsu Buffaloes,33,"Rivera, German",1B,123,523,473,0.260,0.323,0.457,0.780,70,79,123,80,18,0,25,216,4,1,41,1,69,11,5,0,4,77373868
1989,Regular Season,Seibu Lions,31,"Moriyama, Ryoji",P,3,0,0,0.000,0.000,0.000,0.000,0,0,0,0,0,0,0,0,0,0,0,0,0,0,0,0,0,81083864
1989,Regular Season,Fukuoka Daiei Hawks,34,"Otsuka, Kenichi",P,1,0,0,0.000,0.000,0.000,0.000,0,0,0,0,0,0,0,0,0,0,0,0,0,0,0,0,0,81083866
1989,Regular Season,Fukuoka Daiei Hawks,48,"Hashimoto, Keiji",P,2,0,0,0.000,0.000,0.000,0.000,0,0,0,0,0,0,0,0,0,0,0,0,0,0,0,0,0,81083867
1989,Regular Season,Yokohama Taiyo Whales,24,"Endo, Kazuhiko",P,21,29,26,0.192,0.192,0.231,0.423,1,1,5,4,1,0,0,6,0,0,0,0,12,0,0,3,0,81183846
1989,Regular Season,Chunichi Dragons,6,"Ochiai, Hiromitsu",3B,130,559,476,0.321,0.410,0.626,1.036,78,116,153,89,23,1,40,298,4,3,75,7,69,11,1,1,6,81183848
1989,Regular Season,Lotte Orions,26,"Ogawa, Hiroshi",P,23,0,0,0.000,0.000,0.000,0.000,0,0,0,0,0,0,0,0,0,0,0,0,0,0,0,0,0,81183860
1989,Regular Season,Fukuoka Daiei Hawks,30,"Uchida, Tsuyoshi",C,87,266,228,0.259,0.324,0.346,0.670,16,25,59,46,9,1,3,79,1,1,22,0,30,7,1,13,2,81183862
1989,Regular Season,Orix Braves,3,"Ishimine, Kazuhiko",DH,130,534,487,0.277,0.335,0.464,0.799,55,77,135,85,29,1,20,226,1,1,42,5,69,13,2,0,3,81183863
1989,Regular Season,Seibu Lions,34,"Ogawa, Munenao",P,7,0,0,0.000,0.000,0.000,0.000,0,0,0,0,0,0,0,0,0,0,0,0,0,0,0,0,0,81183864
1989,Regular Season,Hiroshima Toyo Carp,10,"Ogawa, Tatsuaki",LF,71,91,75,0.253,0.352,0.307,0.659,9,10,19,17,1,0,1,23,0,0,11,0,12,4,1,3,1,81183865
1989,Regular Season,Yakult Swallows,36,"Ikeyama, Takahiro",SS,130,540,484,0.264,0.330,0.510,0.840,80,74,128,79,13,2,34,247,6,3,47,2,141,7,1,6,2,81183869
1989,Regular Season,Fukuoka Daiei Hawks,19,"Yamauchi, Takanori",P,26,0,0,0.000,0.000,0.000,0.000,0,0,0,0,0,0,0,0,0,0,0,0,0,0,0,0,0,81283863
1989,Regular Season,Lotte Orions,24,"Yamashita, Norihito",PH,24,22,21,0.286,0.318,0.476,0.794,1,3,6,4,1,0,1,10,0,0,1,0,7,0,0,0,0,81283866
1989,Regular Season,Yokohama Taiyo Whales,35,"Horiba, Hidetaka",PH,6,6,6,0.167,0.167,0.167,0.334,0,0,1,1,0,0,0,1,0,0,0,0,1,0,0,0,0,81283867
1989,Regular Season,Yomiuri Giants,56,"Murata, Shinichi",C,12,31,29,0.138,0.167,0.241,0.408,1,5,4,3,0,0,1,7,0,0,1,0,10,1,0,1,0,81283869
1989,Regular Season,Nippon-Ham Fighters,11,"Oshima, Yasunori",1B,130,540,461,0.265,0.358,0.438,0.796,52,59,122,78,26,0,18,202,5,4,69,4,66,18,2,1,7,81383843
1989,Japan Series,Yomiuri Giants,6,"Shinozuka, Kazunori",2B,7,,26,0.192,,0.192,,,2,5,5,0,0,0,5,0,,3,,1,,,,,81383844
1989,Regular Season,Yomiuri Giants,6,"Shinozuka, Kazunori",2B,119,494,461,0.291,0.322,0.395,0.717,59,38,134,98,28,4,4,182,5,4,20,3,38,9,2,9,2,81383844
1989,Regular Season,Lotte Orions,23,"Sato, Kenichi",SS,100,374,333,0.297,0.344,0.456,0.800,31,48,99,71,14,3,11,152,3,2,21,1,47,9,3,16,1,81383848
1989,Regular Season,Fukuoka Daiei Hawks,44,"Kishikawa, Katsuya",LF,123,461,400,0.260,0.349,0.510,0.859,67,66,104,59,16,3,26,204,10,3,52,3,87,4,4,3,2,81383860
1989,Regular Season,Yokohama Taiyo Whales,10,"Kida, Isamu",P,4,0,0,0.000,0.000,0.000,0.000,0,0,0,0,0,0,0,0,0,0,0,0,0,0,0,0,0,81383861
1989,Regular Season,Chunichi Dragons,33,"Kaku, Genji",P,42,11,10,0.100,0.100,0.100,0.200,1,1,1,1,0,0,0,1,0,0,0,0,1,1,0,1,0,81383863
1989,Regular Season,Lotte Orions,57,"Sato, Yukihiko",3B,15,26,23,0.130,0.200,0.174,0.374,0,2,3,2,1,0,0,4,0,0,2,0,6,1,0,1,0,81383864
1989,Regular Season,Yokohama Taiyo Whales,38,"Kawano, Yasuhiko",LF,36,92,87,0.264,0.286,0.425,0.711,9,15,23,16,3,1,3,37,1,0,3,0,18,2,0,1,1,81383865
1989,Regular Season,Yakult Swallows,31,"Hashigami, Hideki",CF,42,54,52,0.346,0.358,0.462,0.820,10,4,18,15,1,1,1,24,4,2,1,0,8,1,0,1,0,81383866
1989,Regular Season,Seibu Lions,53,"Kawamura, Kazuaki",P,3,0,0,0.000,0.000,0.000,0.000,0,0,0,0,0,0,0,0,0,0,0,0,0,0,0,0,0,81383869
1989,Regular Season,Hiroshima Toyo Carp,40,"Tatsukawa, Mitsuo",C,109,331,277,0.227,0.322,0.300,0.622,22,22,63,51,8,0,4,83,1,2,33,7,36,9,6,14,1,81583846
1989,Regular Season,Kintetsu Buffaloes,17,"Sasaki, Osamu",P,21,0,0,0.000,0.000,0.000,0.000,0,0,0,0,0,0,0,0,0,0,0,0,0,0,0,0,0,81583860
1989,Regular Season,Orix Braves,19,"Takagi, Koji",P,6,0,0,0.000,0.000,0.000,0.000,0,0,0,0,0,0,0,0,0,0,0,0,0,0,0,0,0,81583864
1989,Regular Season,Hiroshima Toyo Carp,37,"Ogata, Koichi",PR,2,0,0,0.000,0.000,0.000,0.000,1,0,0,0,0,0,0,0,1,0,0,0,0,0,0,0,0,81583866
1989,Japan Series,Yomiuri Giants,41,"Saito, Masaki",P,2,,3,0.667,,0.667,,,0,2,2,0,0,0,2,0,,0,,1,,,,,81583869
1989,Regular Season,Yomiuri Giants,41,"Saito, Masaki",P,31,98,86,0.174,0.211,0.244,0.455,7,5,15,9,6,0,0,21,0,0,4,0,36,1,0,8,0,81583869
1989,Regular Season,Lotte Orions,31,"Takazawa, Hideaki",LF,105,429,368,0.277,0.367,0.440,0.807,61,56,102,67,22,1,12,162,7,1,43,6,38,6,11,4,3,81783861
1989,Regular Season,Nippon-Ham Fighters,16,"Takada, Hirohisa",P,8,0,0,0.000,0.000,0.000,0.000,0,0,0,0,0,0,0,0,0,0,0,0,0,0,0,0,0,81783862
1989,Regular Season,Fukuoka Daiei Hawks,59,"Nishi, Kiyotaka",P,3,0,0,0.000,0.000,0.000,0.000,0,0,0,0,0,0,0,0,0,0,0,0,0,0,0,0,0,81783864
1989,Regular Season,Seibu Lions,23,"Nishioka, Yoshihiro",LF,62,121,102,0.206,0.261,0.265,0.526,10,6,21,17,3,0,1,27,2,1,8,0,12,2,0,10,1,81783865
1989,Regular Season,Yomiuri Giants,58,"Matsubara, Yasushi",P,4,3,2,0.000,0.000,0.000,0.000,0,0,0,0,0,0,0,0,0,0,0,0,1,0,0,1,0,81783866
1989,Regular Season,Nippon-Ham Fighters,47,"Shimada, Naoya",P,1,0,0,0.000,0.000,0.000,0.000,0,0,0,0,0,0,0,0,0,0,0,0,0,0,0,0,0,81783868
1989,Regular Season,Nippon-Ham Fighters,30,"Tsuno, Hiroshi",P,30,0,0,0.000,0.000,0.000,0.000,0,0,0,0,0,0,0,0,0,0,0,0,0,0,0,0,0,81783869
1989,Regular Season,Seibu Lions,37,"Nakada, Hideshi",C,40,63,47,0.170,0.264,0.170,0.434,2,1,8,8,0,0,0,8,0,1,5,0,17,0,1,10,0,81983860
1989,Japan Series,Yomiuri Giants,27,"Fukuo, Akihito",PH,3,,3,0.333,,0.333,,,0,1,1,0,0,0,1,0,,0,,1,,,,,81983864
1989,Regular Season,Yomiuri Giants,27,"Fukuo, Akihito",PH,35,56,51,0.196,0.268,0.235,0.503,5,4,10,8,2,0,0,12,0,0,5,0,6,2,0,0,0,81983864
1989,Regular Season,Orix Braves,14,"Yamauchi, Yoshihiro",P,39,0,0,0.000,0.000,0.000,0.000,0,0,0,0,0,0,0,0,0,0,0,0,0,0,0,0,0,81983866
1989,Regular Season,Lotte Orions,17,"Konno, Takahiro",P,46,0,0,0.000,0.000,0.000,0.000,0,0,0,0,0,0,0,0,0,0,0,0,0,0,0,0,0,83483868
1989,Regular Season,Hanshin Tigers,51,"Takamura, Yosuke",P,1,2,2,0.000,0.000,0.000,0.000,0,0,0,0,0,0,0,0,0,0,0,0,1,0,0,0,0,83583868
1989,Regular Season,Fukuoka Daiei Hawks,37,"Mifune, Hideyuki",SS,5,3,3,0.000,0.000,0.000,0.000,0,0,0,0,0,0,0,0,0,0,0,0,2,0,0,0,0,83783868
1989,Regular Season,Seibu Lions,11,"Ishii, Takehiro",P,34,0,0,0.000,0.000,0.000,0.000,0,0,0,0,0,0,0,0,0,0,0,0,0,0,0,0,0,83883868
1989,Regular Season,Hiroshima Toyo Carp,26,"Une, Tatsumi",P,7,0,0,0.000,0.000,0.000,0.000,0,0,0,0,0,0,0,0,0,0,0,0,0,0,0,0,0,83983868
1989,Japan Series,Kintetsu Buffaloes,31,"Yamada, Masami",P,1,,0,0.000,,0.000,,,0,0,0,0,0,0,0,0,,0,,0,,,,,85283868
1989,Regular Season,Kintetsu Buffaloes,31,"Yamada, Masami",P,12,0,0,0.000,0.000,0.000,0.000,0,0,0,0,0,0,0,0,0,0,0,0,0,0,0,0,0,85283868
1989,Regular Season,Seibu Lions,62,"Mori, Hiroyuki",PH,30,47,41,0.317,0.319,0.390,0.709,2,7,13,11,1,1,0,16,0,0,2,0,8,0,0,0,4,85383868
1989,Regular Season,Yokohama Taiyo Whales,1,"Tanishige, Motonobu",C,80,171,154,0.175,0.247,0.273,0.520,9,10,27,20,2,2,3,42,0,0,13,3,43,4,2,1,1,85583868
1989,Regular Season,Orix Braves,39,"Hamuro, Taro",C,1,2,2,0.000,0.000,0.000,0.000,0,0,0,0,0,0,0,0,0,0,0,0,0,0,0,0,0,85883868
1989,Regular Season,Yokohama Taiyo Whales,28,"Niura, Hisao",P,30,64,59,0.136,0.150,0.153,0.303,4,5,8,7,1,0,0,9,0,0,1,0,19,1,0,4,0,91093843
1989,Regular Season,Yakult Swallows,6,"Mizutani, Shintaro",PH,28,33,30,0.167,0.167,0.300,0.467,3,2,5,3,1,0,1,9,0,0,0,0,6,1,0,3,0,91093849
1989,Regular Season,Nippon-Ham Fighters,25,"Ogawa, Koichi",3B,91,233,209,0.306,0.375,0.411,0.786,24,21,64,47,14,1,2,86,8,3,20,2,32,3,3,1,0,91093866
1989,Regular Season,Hiroshima Toyo Carp,28,"Nishida, Shinji",RF,82,224,200,0.355,0.424,0.560,0.984,17,27,71,48,14,0,9,112,2,3,23,4,40,4,1,0,0,91093867
1989,Regular Season,Chunichi Dragons,5,"Nimura, Toru",2B,93,347,307,0.270,0.320,0.401,0.721,37,32,83,60,14,1,8,123,4,3,22,3,58,9,1,16,1,91093869
1989,Regular Season,Hiroshima Toyo Carp,24,"Ono, Yutaka",P,19,53,47,0.213,0.245,0.277,0.522,2,1,10,8,1,1,0,13,0,0,2,0,13,0,0,4,0,91193844
1989,Regular Season,Yakult Swallows,18,"Ito, Akimitsu",P,22,37,33,0.182,0.206,0.242,0.448,1,1,6,5,0,1,0,8,0,0,1,0,11,1,0,3,0,91193862
1989,Japan Series,Kintetsu Buffaloes,54,"Ikeue, Koichi",P,1,,0,0.000,,0.000,,,0,0,0,0,0,0,0,0,,0,,0,,,,,91193864
1989,Regular Season,Kintetsu Buffaloes,54,"Ikeue, Koichi",P,21,0,0,0.000,0.000,0.000,0.000,0,0,0,0,0,0,0,0,0,0,0,0,0,0,0,0,0,91193864
1989,Regular Season,Chunichi Dragons,48,"Komori, Tetsuya",2B,56,144,125,0.240,0.286,0.296,0.582,13,5,30,24,5,1,0,37,7,5,7,0,14,0,1,11,0,91193866
1989,Regular Season,Lotte Orions,19,"Ibe, Yasuji",P,10,0,0,0.000,0.000,0.000,0.000,0,0,0,0,0,0,0,0,0,0,0,0,0,0,0,0,0,91193867
1989,Regular Season,Seibu Lions,50,"Aoyama, Michio",PH,8,6,6,0.000,0.000,0.000,0.000,0,0,0,0,0,0,0,0,0,0,0,0,3,1,0,0,0,91193869
1989,Regular Season,Orix Braves,1,"Fukura, Junichi",2B,115,498,394,0.259,0.369,0.360,0.729,61,47,102,78,16,0,8,142,8,7,62,0,39,9,9,29,4,91293860
1989,Regular Season,Chunichi Dragons,60,"Miura, Masaaki",P,5,1,1,0.000,0.000,0.000,0.000,0,0,0,0,0,0,0,0,0,0,0,0,0,0,0,0,0,91293862
1989,Regular Season,Yakult Swallows,66,"Yamada, Tsutomu",LF,3,0,0,0.000,0.000,0.000,0.000,0,0,0,0,0,0,0,0,0,0,0,0,0,0,0,0,0,91293864
1989,Regular Season,Hiroshima Toyo Carp,20,"Kitabeppu, Manabu",P,23,39,33,0.242,0.306,0.303,0.609,3,5,8,6,2,0,0,10,0,0,3,0,12,0,0,3,0,91393842
1989,Regular Season,Orix Braves,11,"Sato, Yoshinori",P,28,0,0,0.000,0.000,0.000,0.000,0,0,0,0,0,0,0,0,0,0,0,0,0,0,0,0,0,91393844
1989,Regular Season,Yokohama Taiyo Whales,2,"Katahira, Shinsaku",PH,38,41,40,0.250,0.268,0.425,0.693,5,6,10,5,4,0,1,17,0,0,1,0,7,2,0,0,0,91393845
1989,Regular Season,Chunichi Dragons,13,"Ono, Kazuyuki",P,21,21,17,0.176,0.263,0.235,0.498,2,3,3,2,1,0,0,4,0,0,2,0,6,0,0,2,0,91393863
1989,Regular Season,Hanshin Tigers,4,"Keough, Matt",P,29,77,67,0.179,0.191,0.343,0.534,2,10,12,5,4,2,1,23,0,0,1,0,33,0,0,9,0,91393864
1989,Regular Season,Nippon-Ham Fighters,20,"Kanazawa, Tsugio",P,28,0,0,0.000,0.000,0.000,0.000,0,0,0,0,0,0,0,0,0,0,0,0,0,0,0,0,0,91393865
1989,Regular Season,Nippon-Ham Fighters,0,"Matsura, Hiroaki",P,6,0,0,0.000,0.000,0.000,0.000,0,0,0,0,0,0,0,0,0,0,0,0,0,0,0,0,0,91493860
1989,Regular Season,Orix Braves,5,"Yumioka, Keijiro",SS,69,36,27,0.111,0.194,0.185,0.379,9,2,3,1,2,0,0,5,2,1,2,0,1,1,1,5,1,91493863
1989,Japan Series,Kintetsu Buffaloes,16,"Bryant, Ralph",LF,7,,24,0.167,,0.333,,,2,4,2,1,0,1,8,0,,4,,8,,,,,91493866
1989,Regular Season,Kintetsu Buffaloes,16,"Bryant, Ralph",LF,129,568,494,0.283,0.377,0.628,1.005,91,121,140,68,23,0,49,310,5,2,68,17,187,6,6,0,0,91493866
1989,Regular Season,Yokohama Taiyo Whales,26,"Tashiro, Tomio",PH,55,115,106,0.236,0.274,0.274,0.548,7,5,25,21,4,0,0,29,1,0,6,2,21,4,0,2,1,91593842
1989,Regular Season,Nippon-Ham Fighters,23,"Sumi, Mitsuo",P,15,0,0,0.000,0.000,0.000,0.000,0,0,0,0,0,0,0,0,0,0,0,0,0,0,0,0,0,91593846
1989,Regular Season,Yomiuri Giants,11,"Sumi, Mitsuo",P,1,0,0,0.000,0.000,0.000,0.000,0,0,0,0,0,0,0,0,0,0,0,0,0,0,0,0,0,91593846
1989,Regular Season,Chunichi Dragons,43,"Saito, Manabu",P,8,1,0,0.000,0.000,0.000,0.000,0,0,0,0,0,0,0,0,0,0,0,0,0,0,0,1,0,91593862
1989,Regular Season,Chunichi Dragons,47,"Saito, Hiroyuki",RF,58,142,123,0.244,0.319,0.415,0.734,16,17,30,21,3,0,6,51,1,1,13,0,29,2,1,4,1,91593865
1989,Regular Season,Yokohama Taiyo Whales,36,"Shindo, Tatsuya",SS,56,91,83,0.241,0.276,0.410,0.686,8,9,20,12,4,2,2,34,0,0,4,0,24,0,0,3,0,91593866
1989,Japan Series,Kintetsu Buffaloes,48,"Yoshida, Takashi",PR,1,,0,0.000,,0.000,,,0,0,0,0,0,0,0,0,,0,,0,,,,,91693860
1989,Regular Season,Kintetsu Buffaloes,48,"Yoshida, Takashi",PR,49,11,11,0.182,0.182,0.182,0.364,12,0,2,2,0,0,0,2,2,0,0,0,4,1,0,0,0,91693860
1989,Regular Season,Chunichi Dragons,25,"Nishimoto, Takashi",P,30,96,83,0.120,0.128,0.193,0.321,5,6,10,6,3,0,1,16,0,0,1,0,32,0,0,10,2,91793842
1989,Regular Season,Lotte Orions,12,"Hakamada, Hidetoshi",C,58,127,107,0.159,0.237,0.206,0.443,5,8,17,12,5,0,0,22,1,1,11,0,14,2,0,9,0,91793846
1989,Regular Season,Hiroshima Toyo Carp,4,"Shoda, Kozo",2B,128,578,498,0.323,0.387,0.396,0.783,74,25,161,134,19,7,1,197,34,18,50,1,58,11,4,23,3,91793860
1989,Regular Season,Orix Braves,15,"Sekiguchi, Tomoyuki",P,35,0,0,0.000,0.000,0.000,0.000,0,0,0,0,0,0,0,0,0,0,0,0,0,0,0,0,0,91793861
1989,Regular Season,Yokohama Taiyo Whales,54,"Daimon, Kazuhiko",P,38,65,53,0.094,0.111,0.170,0.281,2,2,5,3,1,0,1,9,0,0,1,0,20,0,0,11,0,91793862
1989,Regular Season,Chunichi Dragons,21,"Sugimoto, Tadashi",P,23,11,10,0.100,0.100,0.100,0.200,0,1,1,1,0,0,0,1,0,0,0,0,0,0,0,1,0,91793863
1989,Regular Season,Orix Braves,27,"Nakajima, Satoshi",C,121,373,320,0.234,0.313,0.322,0.635,31,26,75,59,9,2,5,103,2,2,35,0,67,6,2,15,1,91793864
1989,Regular Season,Nippon-Ham Fighters,12,"Tanaka, Yukio",P,26,0,0,0.000,0.000,0.000,0.000,0,0,0,0,0,0,0,0,0,0,0,0,0,0,0,0,0,91793865
1989,Regular Season,Yomiuri Giants,20,"Gullickson, Bill",P,16,43,43,0.093,0.093,0.093,0.186,0,2,4,4,0,0,0,4,0,0,0,0,17,1,0,0,0,91793866
1989,Regular Season,Nippon-Ham Fighters,39,"Shimada, Nobutoshi",CF,94,59,56,0.232,0.232,0.321,0.553,14,7,13,10,2,0,1,18,6,5,0,0,10,0,0,3,0,91793867
1989,Regular Season,Yakult Swallows,34,"Takano, Hikaru",P,4,10,8,0.500,0.500,0.500,1.000,2,0,4,4,0,0,0,4,0,0,0,0,1,0,0,2,0,91793869
1989,Regular Season,Seibu Lions,28,"Takayama, Ikuo",P,37,0,0,0.000,0.000,0.000,0.000,0,0,0,0,0,0,0,0,0,0,0,0,0,0,0,0,0,91993860
1989,Regular Season,Yokohama Taiyo Whales,19,"Nakayama, Hiroaki",P,45,17,15,0.133,0.133,0.133,0.266,0,0,2,2,0,0,0,2,0,0,0,0,2,0,0,2,0,91993862
1989,Regular Season,Seibu Lions,10,"Hanyuda, Tadakatsu",RF,39,118,89,0.258,0.333,0.303,0.636,18,6,23,20,2,1,0,27,3,2,10,0,16,2,0,19,0,91993864
1989,Regular Season,Kintetsu Buffaloes,32,"Tani, Shinichi",2B,4,13,10,0.100,0.250,0.100,0.350,1,1,1,1,0,0,0,1,0,0,2,0,4,0,0,1,0,91993867
1989,Regular Season,Hanshin Tigers,61,"Yamada, Katsuhiko",PH,1,1,1,0.000,0.000,0.000,0.000,0,0,0,0,0,0,0,0,0,0,0,0,0,0,0,0,0,93393868
1989,Regular Season,Hiroshima Toyo Carp,41,"Motomura, Shingo",PR,15,2,1,0.000,0.500,0.000,0.500,3,0,0,0,0,0,0,0,0,2,1,0,0,0,0,0,0,93493868
1989,Regular Season,Fukuoka Daiei Hawks,55,"Omichi, Noriyoshi",PH,3,4,4,0.250,0.250,0.500,0.750,0,0,1,0,1,0,0,2,0,0,0,0,0,0,0,0,0,93993868
1989,Regular Season,Yakult Swallows,15,"Parrish, Larry",1B,130,538,493,0.268,0.320,0.562,0.882,75,103,132,72,17,1,42,277,2,1,34,8,129,20,6,0,5,95293868
1989,Regular Season,Kintetsu Buffaloes,28,"Nakamura, Ryoji",1B,9,10,10,0.300,0.300,0.700,1.000,2,4,3,0,2,1,0,7,0,0,0,0,4,0,0,0,0,95693868
1989,Regular Season,Yakult Swallows,27,"Davis, Ron",P,36,3,3,0.333,0.333,0.667,1.000,1,0,1,0,1,0,0,2,0,0,0,0,1,0,0,0,0,97393868
