Season,Game Type,Team,#,Name,W,L,S,HLD,HP,G,IP,WPCT,ERA,WHIP,R/9,R/G,H/9,HR/9,K/9,BB/9,K/BB,BF,H,R,ER,HR,K,BB,IBB,DB,WP,BLK,CG,SHO,No BB,GS,GF,PlayerID
2000,Regular Season,Hiroshima Toyo Carp,16,"Yamauchi, Yasuyuki",2,1,0,,,9,52.1,0.667,3.960,1.452,4.127,2.667,9.975,1.032,3.611,3.096,1.167,225,58,24,23,6,21,18,,1,1,0,2,0,0,9,0,01003880
2000,Regular Season,Yokohama BayStars,24,"Hosomi, Kazushi",5,3,0,,,12,62.0,0.625,3.340,1.177,3.339,1.917,7.839,1.161,6.677,2.758,2.421,247,54,23,23,8,46,19,,1,1,0,0,0,0,10,1,01003882
2000,Regular Season,Yakult Swallows,61,"Ishii, Hirotoshi",4,3,0,,,45,76.1,0.571,3.300,1.336,3.419,0.644,7.782,0.825,8.017,4.245,1.889,318,66,29,28,7,68,36,,0,5,0,0,0,0,3,9,01103882
2000,Regular Season,Seibu Lions,48,"Idemoto, Kenichiro",0,0,0,,,2,1.1,0.000,6.750,1.500,13.500,1.000,13.500,0.000,13.500,0.000,,7,2,2,1,0,2,0,,0,0,0,0,0,0,0,1,01103885
2000,Regular Season,Hanshin Tigers,29,"Igawa, Kei",1,3,0,,,9,39.1,0.250,4.350,1.398,4.347,2.111,8.237,1.144,8.466,4.347,1.947,172,36,19,19,5,37,19,,0,7,0,0,0,0,5,1,01103886
2000,Regular Season,Yokohama BayStars,14,"Morinaka, Masao",6,2,2,,,53,64.1,0.750,2.380,0.808,2.378,0.321,5.736,1.119,8.953,1.539,5.818,244,41,17,17,8,64,11,,1,1,0,0,0,0,1,12,01203884
2000,Regular Season,Chiba Lotte Marines,12,"Fujita, Soichi",2,1,0,,,70,59.0,0.667,4.270,1.424,4.729,0.443,9.763,1.373,7.017,3.051,2.300,261,64,31,28,9,46,20,,1,2,0,0,0,0,0,7,01203886
2000,Regular Season,Chiba Lotte Marines,17,"Muto, Junichiro",1,4,0,,,21,66.0,0.200,5.180,1.652,5.591,1.952,10.091,1.227,7.636,4.773,1.600,303,74,41,38,9,56,35,,5,1,0,0,0,0,10,8,01203887
2000,Regular Season,Osaka Kintetsu Buffaloes,34,"Mende, Tetsuji",0,1,1,,,20,21.1,0.000,7.170,2.203,7.172,0.850,8.438,1.688,4.641,11.391,0.407,110,20,17,17,4,11,27,,1,0,0,0,0,0,2,4,01203888
2000,Regular Season,Hiroshima Toyo Carp,11,"Kito, Makoto",3,3,5,,,15,34.1,0.500,4.190,1.427,4.456,1.133,9.961,1.049,7.602,2.883,2.636,145,38,17,16,4,29,11,,1,0,0,0,0,0,4,8,01303864
2000,Regular Season,Hanshin Tigers,19,"Kawajiri, Tetsuro",10,7,0,,,26,136.1,0.588,3.170,1.225,3.763,2.192,8.516,0.990,6.932,2.509,2.763,566,129,57,48,15,105,38,,9,0,0,1,1,0,21,0,01303880
2000,Regular Season,Osaka Kintetsu Buffaloes,23,"Kadokura, Ken",7,9,0,,,23,117.1,0.438,3.910,1.313,4.142,2.348,8.284,0.997,8.361,3.528,2.370,501,108,54,51,13,109,46,,4,2,0,4,1,0,18,0,01303882
2000,Regular Season,Chunichi Dragons,34,"Yamamoto, Masahiro",11,9,0,,,28,151.2,0.550,2.610,1.088,2.967,1.786,7.655,0.949,6.171,2.136,2.889,608,129,50,44,16,104,36,,2,3,0,5,2,1,21,0,01403862
2000,Regular Season,Hanshin Tigers,54,"Yamaoka, Hiroyuki",0,1,0,,,15,21.1,0.000,5.060,1.641,5.063,0.800,11.391,1.266,6.750,3.375,2.000,93,27,12,12,3,16,8,,0,1,1,0,0,0,0,5,01403886
2000,Regular Season,Hanshin Tigers,21,"Yoshino, Makoto",0,4,0,,,34,38.1,0.000,3.990,1.643,4.696,0.588,10.096,0.470,6.809,4.696,1.450,178,43,20,17,2,29,20,,3,4,2,0,0,0,2,7,01405111
2000,Regular Season,Yokohama BayStars,21,"Nomura, Hiroki",2,8,0,,,29,100.2,0.200,4.380,1.351,4.560,1.759,10.371,1.341,5.096,1.788,2.850,426,116,51,49,15,57,20,,2,1,0,0,0,0,14,1,01503866
2000,Regular Season,Orix Bluewave,61,"Kuriyama, Satoshi",0,1,0,,,16,20.2,0.000,9.150,2.323,9.581,1.375,16.113,2.613,5.661,4.790,1.182,108,37,22,21,6,13,11,,0,5,0,0,0,0,1,9,01503884
2000,Regular Season,Yokohama BayStars,30,"Kohiyama, Masahito",0,0,0,,,4,6.0,0.000,4.500,1.333,4.500,0.750,10.500,1.500,13.500,1.500,9.000,26,7,3,3,1,9,1,,0,1,0,0,0,0,0,2,01503887
2000,Regular Season,Osaka Kintetsu Buffaloes,18,"Sakai, Hiroki",1,0,0,,,6,8.2,1.000,6.230,1.731,6.231,1.000,7.269,1.038,7.269,8.308,0.875,41,7,6,6,1,7,8,,0,0,0,0,0,0,0,1,01503889
2000,Regular Season,Chiba Lotte Marines,13,"Yoshida, Atsushi",7,8,0,,,39,91.0,0.467,4.050,1.352,4.253,1.103,9.593,0.989,4.549,2.571,1.769,382,97,43,41,10,46,26,,2,3,0,0,0,0,12,6,01603885
2000,Regular Season,Yakult Swallows,20,"Jacome, Jason",8,6,0,,,24,118.1,0.571,3.350,1.251,3.575,1.958,9.507,0.761,5.172,1.749,2.957,492,125,47,44,10,68,23,,4,5,0,0,0,0,22,1,01603888
2000,Regular Season,Seibu Lions,17,"Hsu, Ming-Chieh",6,7,0,,,28,126.0,0.462,4.570,1.540,5.500,2.750,9.214,0.857,4.714,4.643,1.015,563,129,77,64,12,66,65,,4,0,0,1,1,0,21,2,01605111
2000,Regular Season,Hiroshima Toyo Carp,62,"Kobayashi, Atsushi",0,0,0,,,4,9.0,0.000,10.000,1.889,10.000,2.500,11.000,3.000,10.000,6.000,1.667,42,11,10,10,3,10,6,,1,0,0,0,0,0,0,2,01803883
2000,Regular Season,Osaka Kintetsu Buffaloes,51,"Hirota, Hiroaki",3,4,0,,,20,20.1,0.429,5.750,1.869,7.967,0.900,11.066,0.000,1.328,5.754,0.231,99,25,18,13,0,3,13,,0,1,0,0,0,0,0,5,01903864
2000,Regular Season,Hanshin Tigers,47,"Ito, Atsunori",3,1,0,,,71,67.2,0.750,1.860,1.256,1.862,0.197,8.246,0.133,4.655,3.059,1.522,287,62,14,14,1,35,23,,7,1,0,0,0,0,0,12,01903866
2000,Regular Season,Seibu Lions,15,"Taninaka, Shinji",2,2,0,,,32,55.1,0.500,3.250,1.283,5.205,1.000,7.319,0.813,3.904,4.229,0.923,234,45,32,20,5,24,26,,3,2,0,0,0,0,2,13,01903884
2000,Regular Season,Osaka Kintetsu Buffaloes,64,"Tanaka, Yuki",2,3,0,,,12,44.1,0.400,6.290,1.940,7.511,3.083,12.586,1.827,5.887,4.872,1.208,217,62,37,31,9,29,24,,0,2,1,1,0,0,5,3,01903886
2000,Regular Season,Hiroshima Toyo Carp,54,"Tomabechi, Tetsuto",2,3,0,,,23,40.2,0.400,5.090,1.525,5.533,1.087,9.074,1.770,9.295,4.648,2.000,188,41,25,23,8,42,21,,4,2,1,0,0,0,2,5,01905111
2000,Regular Season,Yomiuri Giants,30,"Chon, Minchoru",2,0,0,,,4,18.2,1.000,4.820,1.286,4.821,2.500,10.125,1.929,7.714,1.446,5.333,80,21,10,10,4,16,3,,1,0,0,1,1,0,4,0,03105111
2000,Regular Season,Osaka Kintetsu Buffaloes,49,"Maruo, Eiji",0,0,0,,,19,37.2,0.000,3.580,1.381,4.301,0.947,9.796,0.956,6.690,2.628,2.545,165,41,18,15,4,28,11,,2,1,0,0,0,0,0,9,11013880
2000,Regular Season,Chiba Lotte Marines,16,"Teramura, Tomokazu",0,0,0,,,1,2.1,0.000,11.570,2.143,11.571,3.000,19.286,3.857,11.571,0.000,,11,5,3,3,1,3,0,,0,0,0,0,0,0,0,0,11013886
2000,Regular Season,Chiba Lotte Marines,19,"Narimoto, Toshihide",0,0,0,,,1,1.0,0.000,27.000,4.000,27.000,3.000,18.000,0.000,0.000,18.000,0.000,6,2,3,3,0,0,2,,0,0,0,0,0,0,0,0,11013887
2000,Regular Season,Hiroshima Toyo Carp,23,"Yokoyama, Ryuji",1,0,0,,,3,16.0,1.000,0.560,0.500,1.125,0.667,3.938,0.000,9.563,0.563,17.000,59,7,2,1,0,17,1,,1,1,0,1,0,1,2,1,11213880
2000,Regular Season,Yomiuri Giants,31,"Misawa, Koichi",1,1,1,,,41,65.2,0.500,2.330,1.188,2.330,0.415,8.772,0.822,5.208,1.919,2.714,268,64,17,17,6,38,14,,3,3,0,0,0,0,2,9,11213884
2000,Regular Season,Fukuoka Daiei Hawks,18,"Matsu, Nobuyasu",0,0,0,,,3,2.1,0.000,3.860,0.857,3.857,0.333,3.857,0.000,3.857,3.857,1.000,8,1,1,1,0,1,1,,0,0,0,0,0,0,0,1,11213888
2000,Regular Season,Orix Bluewave,9,"Kase, Toshihiro",1,4,0,,,21,54.2,0.200,5.100,1.427,5.433,1.571,9.055,1.646,7.738,3.787,2.043,237,55,33,31,10,47,23,,0,4,0,0,0,0,5,0,11313880
2000,Regular Season,Orix Bluewave,27,"Ogura, Hisashi",9,5,10,,,48,105.2,0.643,2.980,1.032,3.066,0.750,7.410,0.937,6.132,1.874,3.273,419,87,36,35,11,72,22,,1,1,0,0,0,0,3,29,11313887
2000,Regular Season,Yomiuri Giants,19,"Uehara, Koji",9,7,0,,,20,131.0,0.563,3.570,1.023,3.641,2.650,7.695,1.374,8.656,1.511,5.727,519,112,53,52,20,126,22,,1,1,0,6,1,2,20,0,11313888
2000,Regular Season,Hanshin Tigers,57,"Okamoto, Koji",0,0,0,,,1,1.0,0.000,9.000,3.000,9.000,1.000,9.000,9.000,0.000,18.000,0.000,6,1,1,1,1,0,2,,0,1,0,0,0,0,1,0,11315111
2000,Regular Season,Osaka Kintetsu Buffaloes,15,"Maki, Masaki",2,2,0,,,15,38.0,0.500,3.320,1.605,3.316,0.933,8.289,0.474,6.395,6.158,1.038,171,35,14,14,2,27,26,,2,0,0,1,1,0,5,3,11413886
2000,Regular Season,Yokohama BayStars,17,"Yano, Eiji",1,0,0,,,7,18.2,1.000,0.960,1.125,0.964,0.286,7.232,0.000,4.339,2.893,1.500,74,15,2,2,0,9,6,,0,0,0,0,0,0,3,3,11413888
2000,Regular Season,Chunichi Dragons,59,"Yamakita, Shigetoshi",0,0,0,,,5,3.1,0.000,24.300,3.900,24.300,1.800,8.100,0.000,13.500,27.000,0.500,25,3,9,9,0,5,10,,2,2,0,0,0,0,0,1,11415111
2000,Regular Season,Yomiuri Giants,18,"Kuwata, Masumi",5,8,5,,,30,86.0,0.385,4.500,1.523,4.500,1.433,10.779,0.628,5.128,2.930,1.750,385,103,43,43,6,49,28,,3,0,1,0,0,0,10,16,11513862
2000,Regular Season,Yakult Swallows,15,"Okabayashi, Yoichi",1,0,0,,,6,7.1,1.000,4.910,1.500,4.909,0.667,11.045,0.000,3.682,2.455,1.500,33,9,4,4,0,3,2,,0,1,0,0,0,0,1,0,11513883
2000,Regular Season,Hiroshima Toyo Carp,12,"Kawano, Masato",4,5,9,,,46,63.2,0.444,4.520,1.492,5.654,0.870,9.613,0.707,6.927,3.817,1.815,284,68,40,32,5,49,27,,2,2,0,0,0,0,1,24,11513884
2000,Regular Season,Fukuoka Daiei Hawks,32,"Kimura, Shigeru",0,0,0,,,1,0.0,0.000,,,,1.000,,,,,0.000,2,1,1,1,0,0,1,,0,0,0,0,0,0,0,0,11513886
2000,Regular Season,Orix Bluewave,20,"Kawagoe, Hidetaka",8,6,0,,,15,92.2,0.571,3.790,1.414,4.176,2.867,9.712,0.486,6.896,3.011,2.290,400,100,43,39,5,71,31,,0,3,0,2,1,0,15,0,11513888
2000,Regular Season,Hanshin Tigers,15,"Yufune, Toshiro",4,7,0,,,18,84.2,0.364,5.210,1.453,5.740,3.000,10.098,0.850,4.571,2.976,1.536,384,95,54,49,8,43,28,,6,1,1,3,2,1,17,0,11713883
2000,Regular Season,Chunichi Dragons,21,"Shotsu, Eiji",5,2,0,,,42,50.1,0.714,4.470,1.291,4.828,0.643,8.762,1.252,7.510,2.861,2.625,216,49,27,25,7,42,16,,1,0,0,0,0,0,1,7,11713886
2000,Regular Season,Seibu Lions,49,"Sato, Hideki",0,0,0,,,4,7.1,0.000,9.820,2.045,11.045,2.250,13.500,1.227,2.455,4.909,0.500,36,11,9,8,1,2,4,,0,0,0,0,0,0,0,0,11713887
2000,Regular Season,Hiroshima Toyo Carp,67,"Sakai, Daisuke",0,0,0,,,6,7.1,0.000,9.820,1.909,9.818,1.333,9.818,3.682,8.591,7.364,1.167,36,8,8,8,3,7,6,,1,0,0,0,0,0,0,3,11713888
2000,Regular Season,Seibu Lions,21,"Nishizaki, Yukihiro",6,1,0,,,22,59.0,0.857,3.810,1.576,4.576,1.364,8.695,0.610,7.475,5.492,1.361,266,57,30,25,4,49,36,,0,3,1,0,0,0,8,1,11913864
2000,Regular Season,Orix Bluewave,65,"Ebisu, Nobuyuki",8,2,0,,,21,135.0,0.800,3.270,1.119,3.933,2.810,7.933,0.667,4.867,2.133,2.281,552,119,59,49,10,73,32,,8,3,0,8,1,0,17,4,11913883
2000,Regular Season,Hanshin Tigers,69,"Nishikawa, Shinichi",2,1,0,,,45,46.2,0.667,1.930,1.286,3.086,0.356,8.293,0.579,6.557,3.279,2.000,196,43,16,10,3,34,17,,0,0,0,0,0,0,0,5,11913889
2000,Regular Season,Osaka Kintetsu Buffaloes,26,"Nishikawa, Shinichi",1,0,0,,,11,7.0,1.000,7.710,2.429,10.286,0.727,12.857,2.571,6.429,9.000,0.714,39,10,8,6,2,5,7,,1,1,0,0,0,0,0,1,11913889
2000,Regular Season,Chiba Lotte Marines,43,"Warren, Brian",3,2,16,,,36,41.1,0.600,4.350,1.379,4.790,0.611,9.798,0.871,5.226,2.613,2.000,177,45,22,20,4,24,12,,2,3,0,0,0,0,0,29,13313886
2000,Regular Season,Hanshin Tigers,53,"Miller, Kurt",0,2,6,,,17,17.0,0.000,7.410,1.647,7.941,0.882,9.000,1.588,11.647,5.824,2.000,80,17,15,14,3,22,11,,0,1,0,0,0,0,0,14,13313888
2000,Regular Season,Seibu Lions,66,"Diaz, Rafael",0,0,0,,,7,8.1,0.000,7.560,1.560,7.560,1.000,7.560,1.080,7.560,6.480,1.167,38,7,7,7,1,7,6,,0,0,0,0,0,0,0,3,13315111
2000,Regular Season,Chunichi Dragons,45,"Suzuki, Taira",1,1,0,,,21,16.1,0.500,3.860,1.653,3.857,0.333,10.469,0.551,6.612,4.408,1.500,77,19,7,7,1,12,8,,2,0,0,0,0,0,0,8,15013868
2000,Regular Season,Chunichi Dragons,17,"Takeda, Kazuhiro",3,6,0,,,15,85.0,0.333,4.660,1.400,4.765,3.000,10.165,1.271,5.082,2.435,2.087,370,96,45,44,12,48,23,,1,2,0,1,0,0,15,0,21023866
2000,Regular Season,Orix Bluewave,29,"Igarashi, Akihito",0,0,0,,,1,1.0,0.000,0.000,1.000,0.000,0.000,9.000,0.000,0.000,0.000,,4,1,0,0,0,0,0,,0,0,0,0,0,0,0,1,21023883
2000,Regular Season,Osaka Kintetsu Buffaloes,28,"Maekawa, Katsuhiko",8,13,0,,,33,173.0,0.381,4.160,1.486,5.150,3.000,8.376,0.468,5.462,4.994,1.094,764,161,99,80,9,105,96,,4,7,0,8,1,0,27,1,21023884
2000,Regular Season,Hanshin Tigers,41,"Hesaka, Toshiyuki",0,0,0,,,7,9.1,0.000,0.960,1.071,0.964,0.143,5.786,0.964,2.893,3.857,0.750,38,6,1,1,1,3,4,,0,0,0,0,0,0,0,2,21023888
2000,Regular Season,Hanshin Tigers,18,"Yabu, Keiichi",6,10,0,,,25,151.0,0.375,4.170,1.272,4.530,3.040,9.656,1.132,5.662,1.788,3.167,638,162,76,70,19,95,30,,4,7,0,1,1,0,24,0,21023889
2000,Regular Season,Chiba Lotte Marines,47,"Iso, Tsuneyuki",0,0,0,,,3,6.0,0.000,0.000,1.000,0.000,0.000,6.000,0.000,6.000,3.000,2.000,24,4,0,0,0,4,2,,0,0,0,0,0,0,0,1,21123886
2000,Regular Season,Yakult Swallows,21,"Ito, Tomohito",8,7,0,,,18,109.0,0.533,3.140,1.211,3.138,2.111,8.422,0.826,8.835,2.477,3.567,449,102,38,38,10,107,30,,2,6,0,2,1,1,18,0,21123887
2000,Regular Season,Chunichi Dragons,24,"Endo, Masataka",0,0,0,,,6,8.2,0.000,12.460,2.885,12.462,2.000,15.577,1.038,7.269,10.385,0.700,51,15,12,12,1,7,10,,0,0,1,0,0,0,0,3,21123889
2000,Regular Season,Orix Bluewave,26,"Iwashita, Shuichi",1,0,0,,,44,30.1,1.000,3.860,1.451,4.451,0.341,5.637,0.297,9.198,7.418,1.240,134,19,15,13,1,31,25,,2,2,0,0,0,0,0,9,21125111
2000,Regular Season,Yomiuri Giants,15,"Kawahara, Junichi",4,0,0,,,7,44.1,1.000,1.420,0.857,1.421,1.000,5.887,0.812,6.090,1.827,3.333,166,29,7,7,4,30,9,,1,1,0,3,3,0,6,0,21323880
2000,Regular Season,Hiroshima Toyo Carp,13,"Kikuchihara, Tsuyoshi",0,2,0,,,9,15.0,0.000,10.800,2.267,12.600,2.333,14.400,0.000,7.200,6.000,1.200,80,24,21,18,0,12,10,,1,1,0,0,0,0,2,0,21323887
2000,Regular Season,Hiroshima Toyo Carp,24,"Kawauchi, Takaya",1,4,0,,,10,42.1,0.200,4.250,1.654,5.528,2.600,11.693,0.850,4.252,3.189,1.333,188,55,26,20,4,20,15,,0,2,0,0,0,0,9,0,21325111
2000,Regular Season,Hiroshima Toyo Carp,15,"Kuroda, Hiroki",9,6,0,,,29,144.0,0.600,4.310,1.444,4.563,2.517,9.188,1.313,7.250,3.813,1.902,623,147,73,69,21,116,61,,1,3,0,7,1,0,21,3,21523884
2000,Regular Season,Fukuoka Daiei Hawks,16,"Shinohara, Takayuki",9,3,2,,,57,76.1,0.750,3.180,1.074,3.301,0.491,7.546,1.297,5.070,2.122,2.389,308,64,28,27,11,43,18,,2,2,0,0,0,0,0,17,21523886
2000,Regular Season,Fukuoka Daiei Hawks,14,"Wakatabe, Kenichi",9,11,0,,,31,168.2,0.450,4.430,1.292,4.642,2.806,8.804,1.067,5.496,2.828,1.943,710,165,87,83,20,103,53,,1,5,0,3,2,0,25,1,21623885
2000,Regular Season,Hiroshima Toyo Carp,18,"Sasaoka, Shinji",10,6,0,,,21,142.2,0.625,3.970,1.283,4.479,3.381,9.715,1.136,5.930,1.829,3.241,602,154,71,63,18,94,29,,1,2,0,5,1,1,21,0,21723881
2000,Regular Season,Yakult Swallows,40,"Takahashi, Kazumasa",0,1,0,,,31,28.2,0.000,4.080,1.430,4.395,0.452,9.105,0.942,5.337,3.767,1.417,125,29,14,13,3,17,12,,3,0,1,0,0,0,0,9,21723888
2000,Regular Season,Yomiuri Giants,36,"Takahashi, Hisanori",9,6,0,,,24,135.2,0.600,3.180,1.246,3.914,2.458,8.823,0.663,6.767,2.388,2.833,563,133,59,48,10,102,36,,2,1,0,3,2,1,23,0,21725111
2000,Regular Season,Yokohama BayStars,22,"Betancort, Rafael",1,2,0,,,11,28.2,0.333,4.080,1.430,5.023,1.455,9.419,1.570,5.023,3.453,1.455,127,30,16,13,5,16,11,,1,1,2,0,0,0,4,2,21825111
2000,Regular Season,Fukuoka Daiei Hawks,22,"Nagadomi, Hiroshi",1,1,0,,,38,27.0,0.500,2.000,1.000,2.333,0.184,7.333,0.333,5.667,1.667,3.400,107,22,7,6,1,17,5,,1,0,0,0,0,0,0,3,21923862
2000,Regular Season,Seibu Lions,28,"Takeshita, Jun",1,1,0,,,6,9.0,0.500,4.000,1.333,4.000,0.667,9.000,2.000,9.000,3.000,3.000,39,9,4,4,2,9,3,,0,0,0,0,0,0,1,2,21923885
2000,Regular Season,Chunichi Dragons,30,"Tsuruta, Yasushi",0,1,1,,,14,15.1,0.000,5.280,1.370,5.870,0.714,8.804,0.587,8.217,3.522,2.333,65,15,10,9,1,14,6,,0,2,0,0,0,0,1,5,21923887
2000,Regular Season,Yomiuri Giants,42,"May, Darrell",12,7,0,,,24,155.1,0.632,2.950,1.049,3.013,2.167,7.127,1.101,9.560,2.318,4.125,621,123,52,51,19,165,40,,3,7,0,3,3,0,24,0,23123886
2000,Regular Season,Chiba Lotte Marines,45,"Knott, Eric",1,1,0,,,5,16.1,0.500,11.020,2.082,11.020,4.000,12.122,0.551,3.306,6.612,0.500,82,22,20,20,1,6,12,,0,0,0,0,0,0,5,0,23325111
2000,Regular Season,Yakult Swallows,17,"Kawasaki, Kenjiro",8,10,0,,,20,137.0,0.444,3.550,1.277,3.810,2.900,8.934,0.723,4.336,2.562,1.692,576,136,58,54,11,66,39,,5,2,0,2,0,0,20,0,25923868
2000,Regular Season,Yomiuri Giants,50,"Minami, Shinichiro",2,0,2,,,26,26.0,1.000,2.080,1.115,2.077,0.231,8.308,0.692,5.885,1.731,3.400,107,24,6,6,2,17,5,,0,0,0,0,0,0,0,5,31033880
2000,Regular Season,Chiba Lotte Marines,29,"Enoki, Yasuhiro",0,2,0,,,6,12.0,0.000,7.500,1.583,7.500,1.667,12.000,0.750,4.500,2.250,2.000,56,16,10,10,1,6,3,,2,1,0,0,0,0,2,0,31033883
2000,Regular Season,Yakult Swallows,24,"Hanada, Masato",0,0,0,,,5,4.2,0.000,5.790,2.357,7.714,0.800,15.429,0.000,9.643,5.786,1.667,24,8,4,3,0,5,3,,0,1,0,0,0,0,0,3,31035111
2000,Regular Season,Yakult Swallows,16,"Ishii, Kazuhisa",10,9,0,,,29,183.0,0.526,2.610,1.148,2.656,1.862,6.738,0.738,10.328,3.590,2.877,744,137,54,53,15,210,73,,6,11,2,3,1,0,27,0,31133885
2000,Regular Season,Seibu Lions,14,"Ishii, Takashi",10,7,0,,,25,135.2,0.588,4.310,1.378,4.511,2.720,9.818,0.597,5.307,2.587,2.051,588,148,68,65,9,80,39,,4,1,2,2,2,0,23,0,31133889
2000,Regular Season,Seibu Lions,53,"Aoki, Hayato",0,2,1,,,17,34.2,0.000,2.600,1.240,2.596,0.588,8.308,0.779,1.298,2.856,0.455,141,32,10,10,3,5,11,,1,1,0,0,0,0,1,4,31135111
2000,Regular Season,Yakult Swallows,43,"Miyade, Ryuji",3,1,0,,,22,49.0,0.750,4.220,1.102,4.224,1.045,7.531,1.286,7.898,2.388,3.308,193,41,23,23,7,43,13,,1,1,0,0,0,0,3,4,31233882
2000,Regular Season,Chunichi Dragons,62,"Miyakoshi, Akira",0,1,0,,,5,10.0,0.000,11.700,1.600,11.700,2.600,12.600,3.600,4.500,1.800,2.500,47,14,13,13,4,5,2,,1,0,0,0,0,0,1,1,31233884
2000,Regular Season,Nippon-Ham Fighters,33,"Harada, Kenji",0,0,1,,,58,30.1,0.000,4.450,1.747,5.044,0.293,8.901,0.593,5.934,6.824,0.870,148,30,17,15,2,20,23,,5,1,0,0,0,0,0,11,31233886
2000,Regular Season,Orix Bluewave,13,"Makino, Rui",2,3,2,,,34,48.2,0.400,3.140,1.418,3.514,0.559,6.658,1.479,8.137,6.103,1.333,212,36,19,17,8,44,33,,1,2,0,0,0,0,0,6,31233887
2000,Regular Season,Seibu Lions,18,"Matsuzaka, Daisuke",14,7,1,,,27,167.2,0.667,3.970,1.354,4.563,3.148,7.085,0.644,7.730,5.099,1.516,727,132,85,74,12,144,95,,4,2,0,6,2,0,24,2,31233888
2000,Regular Season,Nippon-Ham Fighters,18,"Iwamoto, Tsutomu",6,12,0,,,24,155.1,0.333,5.210,1.539,5.330,3.833,9.386,0.927,5.678,4.461,1.273,678,162,92,90,16,98,77,,5,2,0,6,0,0,22,0,31333881
2000,Regular Season,Osaka Kintetsu Buffaloes,29,"Udaka, Shinji",0,0,0,,,8,11.1,0.000,2.380,1.412,5.559,0.875,8.735,1.588,4.765,3.971,1.200,50,11,7,3,2,6,5,,0,0,0,0,0,0,0,5,31333888
2000,Regular Season,Hanshin Tigers,34,"Hoshino, Nobuyuki",5,10,0,,,21,122.2,0.333,4.040,1.223,4.329,2.810,8.804,1.027,6.236,2.201,2.833,515,120,59,55,14,85,30,,5,2,0,3,1,0,21,0,31433860
2000,Regular Season,Yomiuri Giants,17,"Makihara, Hiromi",0,1,9,,,21,19.2,0.000,4.120,1.068,4.119,0.429,6.864,0.458,9.153,2.746,3.333,81,15,9,9,1,20,6,,1,3,0,0,0,0,0,14,31433867
2000,Regular Season,Orix Bluewave,11,"Kida, Masao",3,3,3,,,24,41.1,0.500,5.660,1.766,6.315,1.208,11.976,1.524,6.750,3.919,1.722,196,55,29,26,7,31,18,,1,1,0,0,0,0,0,12,31433868
2000,Regular Season,Yomiuri Giants,21,"Cho, Sonmin",1,2,0,,,10,14.0,0.333,3.860,1.786,5.786,0.900,12.857,1.286,5.786,3.214,1.800,64,20,9,6,2,9,5,,0,0,0,0,0,0,1,2,31433882
2000,Regular Season,Yakult Swallows,29,"Mikami, Shinji",0,0,0,,,1,0.1,0.000,0.000,0.000,0.000,0.000,0.000,0.000,0.000,0.000,,1,0,0,0,0,0,0,,0,0,0,0,0,0,0,1,31433886
2000,Regular Season,Yakult Swallows,45,"Yamamoto, Tatsuki",1,5,1,,,44,52.0,0.167,3.290,1.173,5.019,0.659,8.654,1.385,6.404,1.904,3.364,221,50,29,19,8,37,11,,3,2,1,0,0,0,0,10,31433887
2000,Regular Season,Orix Bluewave,14,"Yamaguchi, Kazuo",0,0,1,,,9,15.0,0.000,2.400,1.800,2.400,0.444,8.400,0.000,6.000,7.800,0.769,69,14,4,4,0,10,13,,0,1,0,0,0,0,2,2,31435111
2000,Regular Season,Chiba Lotte Marines,54,"Kuroki, Tomohiro",10,12,0,,,26,160.0,0.455,5.180,1.431,5.794,3.962,10.181,1.181,7.538,2.700,2.792,698,181,103,92,21,134,48,,1,2,0,5,1,0,24,2,31533880
2000,Regular Season,Chiba Lotte Marines,15,"Kawamata, Hiroaki",0,0,0,,,4,9.0,0.000,9.000,1.778,9.000,2.250,10.000,3.000,11.000,6.000,1.833,44,10,9,9,3,11,6,,1,1,0,0,0,0,0,2,31533884
2000,Regular Season,Osaka Kintetsu Buffaloes,17,"Ishige, Hiroshi",2,4,1,,,46,62.1,0.333,3.610,1.348,4.043,0.609,6.930,0.866,10.684,5.198,2.056,274,48,28,25,6,74,36,,3,3,0,0,0,0,0,7,31633868
2000,Regular Season,Osaka Kintetsu Buffaloes,14,"Elvira, Narciso",6,7,0,,,27,110.2,0.462,4.640,1.355,4.880,2.222,7.889,0.732,5.937,4.310,1.377,481,97,60,57,9,73,53,,3,2,1,2,2,0,21,1,31635111
2000,Regular Season,Yokohama BayStars,27,"Komiyama, Satoru",8,11,0,,,26,161.1,0.421,3.960,1.258,4.017,2.769,9.260,1.339,6.025,2.064,2.919,672,166,72,71,24,108,37,,0,3,0,5,3,3,24,0,31733881
2000,Regular Season,Chunichi Dragons,53,"Sato, Yasuyuki",0,0,0,,,1,0.2,0.000,27.000,4.500,27.000,2.000,40.500,0.000,13.500,0.000,,5,3,2,2,0,1,0,,0,0,0,0,0,0,0,0,31733884
2000,Regular Season,Nippon-Ham Fighters,47,"Sekine, Hiroyuki",10,6,0,,,29,137.2,0.625,4.900,1.395,5.230,2.759,9.283,0.981,6.407,3.269,1.960,601,142,80,75,15,98,50,,1,4,1,4,1,0,23,1,31733889
2000,Regular Season,Fukuoka Daiei Hawks,21,"Tanaka, Soji",0,0,0,,,1,0.2,0.000,40.500,4.500,40.500,3.000,40.500,13.500,13.500,0.000,,5,3,3,3,1,1,0,,0,0,0,0,0,0,0,0,31935111
2000,Regular Season,Fukuoka Daiei Hawks,36,"Raggio, Brady",8,6,0,,,25,135.0,0.571,4.200,1.444,5.200,3.120,8.667,0.800,4.067,4.333,0.938,590,130,78,63,12,61,65,,3,8,2,1,0,0,24,0,33135111
2000,Regular Season,Chunichi Dragons,52,"Gaillard, Eddie",1,2,35,,,51,47.0,0.333,2.680,1.064,2.681,0.275,7.085,0.957,9.957,2.489,4.000,189,37,14,14,5,52,13,,1,1,0,0,0,0,0,49,33335111
2000,Regular Season,Osaka Kintetsu Buffaloes,19,"Akahori, Motoyuki",0,1,0,,,3,9.0,0.000,5.000,1.444,5.000,1.667,6.000,1.000,5.000,7.000,0.714,40,6,5,5,1,5,7,,1,1,0,0,0,0,1,0,35433868
2000,Regular Season,Fukuoka Daiei Hawks,67,"Matsumoto, Akira",0,3,0,,,11,29.2,0.000,6.670,1.551,6.978,2.091,10.011,0.303,5.157,3.944,1.308,132,33,23,22,1,17,13,,1,2,0,0,0,0,4,1,41043882
2000,Regular Season,Seibu Lions,26,"Hoshino, Tomoki",0,0,0,,,9,5.2,0.000,7.940,2.471,7.941,0.556,7.941,0.000,9.529,14.294,0.667,31,5,5,5,0,6,9,,0,1,0,0,0,0,0,2,41043888
2000,Regular Season,Yomiuri Giants,45,"Uchizono, Naoki",0,0,0,,,4,4.0,0.000,11.250,1.750,11.250,1.250,13.500,4.500,11.250,2.250,5.000,19,6,5,5,2,5,1,,0,0,0,0,0,0,0,2,41145111
2000,Regular Season,Fukuoka Daiei Hawks,49,"Yoshida, Shuji",9,3,1,,,69,95.2,0.750,3.010,1.223,3.199,0.493,7.997,0.376,6.774,3.010,2.250,391,85,34,32,4,72,32,,0,1,1,0,0,0,0,13,41243868
2000,Regular Season,Seibu Lions,34,"Hashimoto, Takehiro",2,2,0,,,65,42.0,0.500,3.000,1.167,3.214,0.231,6.857,0.214,8.143,3.643,2.235,174,32,15,14,1,38,17,,1,2,0,0,0,0,0,6,41243881
2000,Regular Season,Fukuoka Daiei Hawks,33,"Hoshino, Junji",3,6,0,,,18,58.2,0.333,4.140,1.176,4.756,1.722,8.438,1.227,4.909,2.148,2.286,245,55,31,27,8,32,14,,0,0,0,3,2,0,8,4,41243886
2000,Regular Season,Orix Bluewave,36,"Kishikawa, Takatoshi",0,1,0,,,17,26.0,0.000,7.270,2.192,7.962,1.353,14.885,2.077,6.577,4.846,1.357,132,43,23,21,6,19,14,,1,3,1,0,0,0,4,4,41343880
2000,Regular Season,Fukuoka Daiei Hawks,45,"Okamoto, Katsunori",0,0,0,,,7,7.2,0.000,2.350,1.565,3.522,0.429,5.870,0.000,3.522,8.217,0.429,34,5,3,2,0,3,7,,0,0,0,0,0,0,0,3,41343884
2000,Regular Season,Chunichi Dragons,11,"Kawakami, Kenshin",2,3,0,,,14,60.1,0.400,4.770,1.409,4.773,2.286,9.696,1.492,3.580,2.983,1.200,260,65,32,32,10,24,20,,1,1,0,0,0,0,10,2,41343886
2000,Regular Season,Yokohama BayStars,18,"Miura, Daisuke",11,6,0,,,24,164.2,0.647,3.220,1.130,3.498,2.667,8.417,1.202,6.668,1.749,3.813,665,154,64,59,22,122,32,,3,3,0,4,0,1,24,0,41443885
2000,Regular Season,Chiba Lotte Marines,46,"Kono, Hirofumi",0,0,0,,,29,30.0,0.000,4.200,1.600,5.700,0.655,9.300,1.500,9.000,5.100,1.765,137,31,19,14,5,30,17,,1,3,0,0,0,0,0,3,41543860
2000,Regular Season,Osaka Kintetsu Buffaloes,21,"Morita, Koki",0,0,0,,,3,2.0,0.000,18.000,3.000,18.000,1.333,13.500,4.500,13.500,13.500,1.000,14,3,4,4,1,3,3,,2,0,0,0,0,0,0,0,41543866
2000,Regular Season,Nippon-Ham Fighters,38,"Sakurai, Yukihiro",0,0,2,,,7,15.0,0.000,10.800,2.267,10.800,2.571,13.800,3.000,3.600,6.600,0.545,78,23,18,18,5,6,11,,1,1,0,0,0,0,0,5,41543880
2000,Regular Season,Yomiuri Giants,57,"Sato, Makoto",0,0,0,,,2,1.2,0.000,37.800,4.800,37.800,3.500,27.000,0.000,5.400,16.200,0.333,13,5,7,7,0,1,3,,0,0,0,0,0,0,0,0,41543889
2000,Regular Season,Chiba Lotte Marines,18,"Shimizu, Naoyuki",3,6,0,,,27,100.0,0.333,6.120,1.760,6.930,2.852,9.900,0.810,6.210,5.940,1.045,475,110,77,68,9,69,66,,2,13,0,1,0,0,16,3,41545111
2000,Regular Season,Chunichi Dragons,18,"So, Shunyo",0,1,0,,,2,5.2,0.000,9.530,1.765,9.529,3.000,7.941,1.588,7.941,7.941,1.000,28,5,6,6,1,5,5,,1,0,0,0,0,0,1,1,41645111
2000,Regular Season,Fukuoka Daiei Hawks,24,"Doi, Masahiro",3,4,0,,,14,69.0,0.429,4.300,1.609,4.435,2.429,9.261,0.652,5.478,5.217,1.050,317,71,34,33,5,42,40,,0,2,0,2,1,1,12,1,41743882
2000,Regular Season,Orix Bluewave,18,"Sugimoto, Yu",4,8,0,,,19,77.0,0.333,5.730,1.545,6.195,2.789,9.234,1.286,7.597,4.675,1.625,349,79,53,49,11,65,40,,4,2,0,2,0,0,14,2,41743884
2000,Regular Season,Nippon-Ham Fighters,60,"Shintani, Hiroshi",3,3,0,,,28,67.0,0.500,4.970,1.522,5.104,1.357,10.209,1.343,5.373,3.493,1.538,300,76,38,37,10,40,26,,4,0,0,1,0,0,8,2,41743885
2000,Regular Season,Nippon-Ham Fighters,25,"Tateishi, Naoyuki",9,4,0,,,27,112.2,0.692,4.070,1.402,4.553,2.111,8.547,1.038,5.432,4.074,1.333,484,107,57,51,13,68,51,,2,2,1,1,0,0,16,1,41743888
2000,Regular Season,Hiroshima Toyo Carp,43,"Minchey, Nathan",12,10,0,,,31,183.0,0.545,3.490,1.393,3.836,2.516,9.984,0.984,4.770,2.557,1.865,781,203,78,71,20,97,52,,3,5,1,0,0,0,31,0,41843886
2000,Regular Season,Yokohama BayStars,34,"Fukumori, Kazuo",6,6,10,,,40,88.0,0.500,3.580,1.352,4.091,1.000,9.409,0.716,5.011,2.761,1.815,380,92,40,35,7,49,27,,2,9,1,0,0,0,8,16,41943880
2000,Regular Season,Yokohama BayStars,19,"Tokano, Hisashi",0,0,0,,,6,6.0,0.000,7.500,1.500,9.000,1.000,6.000,3.000,0.000,7.500,0.000,27,4,6,5,2,0,5,,1,0,0,0,0,0,0,4,41943887
2000,Regular Season,Hiroshima Toyo Carp,68,"Hiroike, Koji",0,1,0,,,26,18.1,0.000,8.350,2.564,8.345,0.654,16.200,1.473,6.873,6.873,1.000,102,33,17,17,3,14,14,,0,2,0,0,0,0,0,4,41943888
2000,Regular Season,Yokohama BayStars,52,"Nakanowatari, Susumu",0,0,0,,,3,4.0,0.000,6.750,1.500,6.750,1.000,13.500,0.000,6.750,0.000,,17,6,3,3,0,3,0,,0,0,0,0,0,0,0,2,41945111
2000,Regular Season,Fukuoka Daiei Hawks,60,"Randel, Matt",0,0,0,,,1,0.1,0.000,0.000,6.000,0.000,0.000,54.000,0.000,27.000,0.000,,3,2,0,0,0,1,0,,0,1,0,0,0,0,0,0,43143888
2000,Regular Season,Hiroshima Toyo Carp,42,"Ludwick, Eric",1,0,0,,,8,13.2,1.000,5.930,1.610,6.585,1.250,10.537,1.317,6.585,3.951,1.667,60,16,10,9,2,10,6,,0,1,0,0,0,0,3,2,43345111
2000,Regular Season,Orix Bluewave,41,"Takahashi, Koichi",2,2,0,,,49,58.0,0.500,4.970,1.552,5.121,0.673,8.224,1.552,6.517,5.741,1.135,258,53,33,32,10,42,37,,0,6,0,0,0,0,1,7,51053881
2000,Regular Season,Seibu Lions,35,"Doi, Yoshihiro",3,1,0,,,55,49.2,0.750,2.900,1.268,3.262,0.327,7.973,0.725,5.436,3.443,1.579,210,44,18,16,4,30,19,,0,1,1,0,0,0,0,3,51053886
2000,Regular Season,Yomiuri Giants,26,"Nishiyama, Kazutaka",2,2,0,,,14,37.2,0.500,4.300,1.540,4.779,1.429,10.991,0.717,5.735,2.867,2.000,169,46,20,18,3,24,12,,3,3,0,0,0,0,5,4,51053887
2000,Regular Season,Yokohama BayStars,63,"Mino, Katsuhiro",0,0,0,,,4,5.0,0.000,9.000,2.400,9.000,1.250,18.000,0.000,16.200,3.600,4.500,27,10,5,5,0,9,2,,0,0,1,0,0,0,0,2,51053889
2000,Regular Season,Yokohama BayStars,49,"Awano, Hideyuki",2,0,0,,,11,15.2,1.000,4.600,1.277,4.596,0.727,8.617,0.574,6.319,2.872,2.200,66,15,8,8,1,11,5,,2,0,0,0,0,0,1,1,51153864
2000,Regular Season,Nippon-Ham Fighters,19,"Atsuzawa, Kazuyuki",0,0,0,,,6,6.0,0.000,4.500,1.000,4.500,0.500,6.000,1.500,7.500,3.000,2.500,24,4,3,3,1,5,2,,0,1,0,0,0,0,0,3,51153880
2000,Regular Season,Chunichi Dragons,41,"Asakura, Kenta",0,1,0,,,9,17.1,0.000,14.020,2.481,16.615,3.556,18.692,2.596,4.673,3.635,1.286,95,36,32,27,5,9,7,,2,1,0,0,0,0,1,3,51155111
2000,Regular Season,Hiroshima Toyo Carp,17,"Yamasaki, Shintaro",2,2,6,,,25,37.0,0.500,5.110,1.757,5.108,0.840,12.162,0.973,5.351,3.649,1.467,169,50,21,21,4,22,15,,2,0,0,0,0,0,3,12,51253864
2000,Regular Season,Hanshin Tigers,91,"Yoshida, Toyohiko",1,3,0,,,24,27.1,0.250,5.600,1.683,5.927,0.750,11.195,1.317,7.902,3.951,2.000,127,34,18,17,4,24,12,,2,0,0,0,0,0,1,4,51253866
2000,Regular Season,Yokohama BayStars,40,"Yone, Masahide",0,0,0,,,7,8.2,0.000,1.040,0.808,1.038,0.143,5.192,0.000,4.154,2.077,2.000,33,5,1,1,0,4,2,,0,0,0,0,0,0,0,4,51253880
2000,Regular Season,Fukuoka Daiei Hawks,38,"Nishimura, Tatsuji",0,0,0,,,1,4.0,0.000,9.000,2.250,9.000,4.000,11.250,2.250,4.500,9.000,0.500,19,5,4,4,1,2,4,,1,0,0,0,0,0,1,0,51253881
2000,Regular Season,Osaka Kintetsu Buffaloes,16,"Okamoto, Akira",0,2,0,,,9,25.0,0.000,7.560,1.800,7.560,2.333,12.600,1.800,3.600,3.600,1.000,119,35,21,21,5,10,10,,1,1,0,1,0,0,3,2,51353882
2000,Regular Season,Chunichi Dragons,43,"Ogasawara, Takashi",0,0,0,,,8,15.2,0.000,6.320,2.170,6.319,1.375,11.489,1.149,8.043,8.043,1.000,81,20,11,11,2,14,14,,2,1,0,0,0,0,0,1,51353888
2000,Regular Season,Yomiuri Giants,28,"Okajima, Hideki",5,4,7,,,56,72.1,0.556,3.110,1.161,3.235,0.464,6.594,0.498,12.691,3.857,3.290,300,53,26,25,4,102,31,,2,5,0,0,0,0,0,26,51353889
2000,Regular Season,Yomiuri Giants,59,"Galvez, Balvino",0,6,0,,,6,30.1,0.000,3.260,1.319,5.637,3.167,10.088,0.890,6.527,1.780,3.667,133,34,19,11,3,22,6,,2,1,0,0,0,0,6,0,51453882
2000,Regular Season,Yomiuri Giants,47,"Kudo, Kimiyasu",12,5,0,,,21,136.0,0.706,3.110,1.051,3.507,2.524,8.404,0.926,9.794,1.059,9.250,545,127,53,47,14,148,16,,1,5,0,1,1,1,21,0,51553865
2000,Regular Season,Hanshin Tigers,13,"Kasai, Minoru",7,6,17,,,43,44.0,0.538,2.450,1.250,2.864,0.326,7.568,0.409,5.318,3.682,1.444,186,37,14,12,2,26,18,,1,0,0,0,0,0,0,37,51553881
2000,Regular Season,Fukuoka Daiei Hawks,37,"Sakumoto, Masahiro",0,2,0,,,3,11.1,0.000,10.320,2.029,10.324,4.333,15.882,1.588,3.971,2.382,1.667,54,20,13,13,2,5,3,,0,2,0,0,0,0,3,0,51553882
2000,Regular Season,Yakult Swallows,22,"Takatsu, Shingo",0,1,29,,,35,34.2,0.000,2.080,1.154,2.077,0.229,8.308,1.038,7.529,2.077,3.625,139,32,8,8,4,29,8,,1,0,0,0,0,0,0,34,51553883
2000,Regular Season,Yokohama BayStars,16,"Kawamura, Takeo",7,12,0,,,26,147.2,0.368,5.060,1.321,5.120,3.231,9.752,1.402,5.181,2.133,2.429,614,160,84,83,23,85,35,,0,7,0,1,0,1,26,0,51553884
2000,Regular Season,Hiroshima Toyo Carp,29,"Kobayashi, Kanei",0,3,0,,,25,32.2,0.000,4.680,1.500,5.786,0.840,7.990,1.653,9.643,5.510,1.750,146,29,21,17,6,35,20,,1,3,0,0,0,0,0,12,51553886
2000,Regular Season,Osaka Kintetsu Buffaloes,47,"Koike, Takuichi",0,0,0,,,8,12.1,0.000,5.110,1.622,5.108,0.875,8.027,1.459,8.757,6.568,1.333,58,11,7,7,2,12,9,,0,1,0,0,0,0,0,4,51553887
2000,Regular Season,Seibu Lions,50,"Goto, Mitsutaka",0,1,0,,,2,9.1,0.000,1.930,1.929,5.786,3.000,13.500,0.000,3.857,3.857,1.000,44,14,6,2,0,4,4,,0,1,0,0,0,0,1,1,51555111
2000,Regular Season,Chunichi Dragons,31,"Sano, Shigeki",1,0,0,,,11,16.2,1.000,8.100,1.740,9.180,1.545,11.880,3.780,8.100,3.780,2.143,77,22,17,15,7,15,7,,0,1,0,0,0,0,0,6,51653883
2000,Regular Season,Nippon-Ham Fighters,27,"Ohme, Kevin",2,3,0,,,12,47.0,0.400,4.980,1.596,5.170,2.250,9.766,1.149,5.553,4.596,1.208,212,51,27,26,6,29,24,,2,3,1,1,0,0,7,1,51655111
2000,Regular Season,Seibu Lions,36,"Deni, Tomori",1,3,1,,,48,53.1,0.250,3.380,1.294,3.544,0.438,9.113,1.181,8.269,2.531,3.267,231,54,21,20,7,49,15,,2,1,0,0,0,0,1,10,51753864
2000,Regular Season,Hiroshima Toyo Carp,14,"Sawazaki, Toshikazu",4,4,0,,,15,61.2,0.500,5.550,1.622,6.130,2.800,10.508,1.168,5.546,4.086,1.357,281,72,42,38,8,38,28,,1,2,0,0,0,0,13,1,51753884
2000,Regular Season,Hanshin Tigers,49,"Hansell, Greg",7,8,0,,,20,114.0,0.467,4.340,1.404,4.658,2.950,8.526,0.789,7.658,4.105,1.865,497,108,59,55,10,97,52,,6,4,0,0,0,0,20,0,51855111
2000,Regular Season,Hanshin Tigers,52,"Toyama, Shoji",2,0,3,,,54,35.1,1.000,2.550,1.132,2.547,0.185,7.387,0.509,5.094,2.802,1.818,145,29,10,10,2,20,11,,1,0,0,0,0,0,0,10,51953862
2000,Regular Season,Seibu Lions,13,"Nishiguchi, Fumiya",11,5,0,,,24,145.2,0.688,3.770,1.339,3.831,2.583,8.403,1.359,8.094,3.645,2.220,618,136,62,61,22,131,59,,3,2,0,4,2,1,20,1,51953880
2000,Regular Season,Nippon-Ham Fighters,14,"Takahashi, Noriyuki",4,1,1,,,31,42.2,0.800,3.160,1.359,4.008,0.613,8.648,0.844,9.070,3.586,2.529,189,41,19,15,4,43,17,,2,2,0,0,0,0,0,4,51953884
2000,Regular Season,Nippon-Ham Fighters,55,"Takeuchi, Yoshiya",0,1,0,,,7,5.0,0.000,1.800,1.200,3.600,0.286,5.400,0.000,3.600,5.400,0.667,22,3,2,1,0,2,3,,0,0,0,0,0,0,0,1,51953887
2000,Regular Season,Fukuoka Daiei Hawks,50,"Pedraza, Rodney",3,4,35,,,51,50.1,0.429,2.150,0.775,2.325,0.255,6.258,0.536,7.152,0.715,10.000,189,35,13,12,3,40,4,,1,0,0,0,0,0,0,50,53153888
2000,Regular Season,Hanshin Tigers,62,"Ramirez, Roberto",1,3,0,,,9,35.2,0.250,5.550,1.963,5.804,2.556,13.626,0.757,4.290,4.037,1.063,166,54,23,22,3,17,16,,2,0,0,0,0,0,7,1,53155111
2000,Regular Season,Yakult Swallows,19,"Yamabe, Futoshi",1,3,0,,,9,30.1,0.250,6.820,1.451,6.824,2.556,10.088,1.780,7.418,2.967,2.500,134,34,23,23,6,25,10,,1,2,0,0,0,0,6,1,61063889
2000,Regular Season,Yakult Swallows,66,"Honma, Tadashi",3,2,0,,,29,41.2,0.600,3.460,1.608,3.456,0.552,10.368,0.648,4.968,4.104,1.211,183,48,16,16,3,23,19,,2,2,0,0,0,0,0,9,61065111
2000,Regular Season,Nippon-Ham Fighters,23,"Ito, Takeshi",1,4,1,,,13,32.1,0.200,6.680,1.608,6.680,1.846,10.021,1.392,5.289,4.454,1.188,146,36,24,24,5,19,16,,0,2,0,1,0,0,3,2,61163888
2000,Regular Season,Seibu Lions,46,"Kimura, Keiji",0,0,0,,,8,18.0,0.000,4.000,1.333,6.000,1.500,6.500,1.000,6.000,5.500,1.091,77,13,12,8,2,12,11,,0,0,0,0,0,0,0,6,61263883
2000,Regular Season,Chunichi Dragons,61,"Yaguchi, Tetsuo",0,0,0,,,2,7.0,0.000,7.710,2.143,7.714,3.000,16.714,3.857,7.714,2.571,3.000,36,13,6,6,3,6,2,,0,0,0,0,0,0,2,0,61263888
2000,Regular Season,Yomiuri Giants,41,"Kimura, Ryuji",4,1,0,,,54,47.2,0.800,2.830,1.280,3.587,0.352,8.497,1.510,7.175,3.021,2.375,206,45,19,15,8,38,16,,1,4,0,0,0,0,0,10,61363887
2000,Regular Season,Yokohama BayStars,20,"Kizuka, Atsushi",7,3,18,,,46,62.1,0.700,2.890,0.947,2.888,0.435,6.642,1.011,10.540,1.877,5.615,243,46,20,20,7,73,13,,1,1,1,0,0,0,0,34,61365111
2000,Regular Season,Fukuoka Daiei Hawks,28,"Watanabe, Masakazu",6,1,0,,,60,85.0,0.857,2.540,1.082,2.859,0.450,6.459,0.529,5.718,3.282,1.742,346,61,27,24,5,54,31,,5,2,0,0,0,0,0,8,61463887
2000,Regular Season,Osaka Kintetsu Buffaloes,30,"Wolcott, Bob",3,4,0,,,17,44.1,0.429,6.090,1.602,6.090,1.765,10.150,1.421,5.278,4.263,1.238,198,50,30,30,7,26,21,,1,1,2,0,0,0,7,4,61465111
2000,Regular Season,Osaka Kintetsu Buffaloes,12,"Koda, Isao",6,2,0,,,28,37.2,0.750,4.060,1.381,4.540,0.679,10.274,0.478,5.018,2.150,2.333,166,43,19,17,2,21,9,,1,1,0,0,0,0,0,8,61563860
2000,Regular Season,Yokohama BayStars,12,"Sekiguchi, Iori",0,0,0,,,3,3.1,0.000,2.700,2.700,5.400,0.667,13.500,0.000,2.700,10.800,0.250,19,5,2,1,0,1,4,,0,1,0,0,0,0,0,1,61563882
2000,Regular Season,Yokohama BayStars,11,"Saito, Takashi",6,10,0,,,19,115.2,0.375,5.520,1.375,5.758,3.895,9.571,1.323,7.548,2.801,2.694,493,123,74,71,17,97,36,,3,1,0,1,1,0,19,0,61563885
2000,Regular Season,Nippon-Ham Fighters,21,"Shimizu, Akio",6,9,0,,,23,115.1,0.400,4.060,1.500,4.760,2.652,8.116,0.780,5.228,5.384,0.971,513,104,61,52,10,67,69,,7,4,0,4,1,0,16,4,61563886
2000,Regular Season,Chiba Lotte Marines,30,"Kobayashi, Masahide",11,6,14,,,65,109.2,0.647,2.130,1.131,2.790,0.523,7.140,0.328,5.909,3.036,1.946,441,87,34,26,4,72,37,,1,4,0,0,0,0,3,33,61563888
2000,Regular Season,Nippon-Ham Fighters,28,"Shoda, Itsuki",0,0,0,,,5,6.0,0.000,4.500,2.333,4.500,0.600,16.500,0.000,6.000,4.500,1.333,32,11,3,3,0,4,3,,0,0,0,0,0,0,0,3,61565111
2000,Regular Season,Osaka Kintetsu Buffaloes,42,"Tweedlie, Brad",0,0,0,,,1,0.0,0.000,,,,5.000,,,,,0.000,5,4,5,5,0,0,1,,0,1,0,0,0,0,0,0,61665111
2000,Regular Season,Yomiuri Giants,95,"Nomura, Takahito",1,1,1,,,24,20.0,0.500,6.750,1.300,8.100,0.750,8.100,2.250,9.450,3.600,2.625,89,18,18,15,5,21,8,,1,2,1,0,0,0,0,7,61763883
2000,Regular Season,Nippon-Ham Fighters,22,"Tateyama, Yoshinori",6,8,0,,,28,89.1,0.429,5.540,1.511,5.743,2.036,10.679,1.511,5.541,2.922,1.897,396,106,57,55,15,55,29,,2,1,0,2,0,0,13,4,61763888
2000,Regular Season,Hiroshima Toyo Carp,65,"Reynoso, Edison",0,0,0,,,1,2.0,0.000,27.000,4.500,27.000,6.000,27.000,0.000,13.500,13.500,1.000,15,6,6,6,0,3,3,,0,0,0,0,0,0,0,0,61863888
2000,Regular Season,Nippon-Ham Fighters,00,"Mirabal, Carlos",1,3,19,,,48,49.1,0.250,3.650,1.135,3.831,0.438,7.297,1.277,5.655,2.919,1.938,198,40,21,20,7,31,16,,2,0,3,0,0,0,0,45,61865111
2000,Regular Season,Chunichi Dragons,12,"Higasa, Masahito",0,0,0,,,2,3.0,0.000,12.000,2.333,12.000,2.000,18.000,0.000,9.000,3.000,3.000,19,6,4,4,0,3,1,,1,0,0,0,0,0,0,0,61963882
2000,Regular Season,Osaka Kintetsu Buffaloes,39,"Tabata, Kazuya",3,4,0,,,10,53.0,0.429,6.790,1.830,7.132,4.200,11.377,1.868,4.585,5.094,0.900,258,67,42,40,11,27,30,,3,2,0,0,0,0,10,0,61963885
2000,Regular Season,Seibu Lions,20,"Toyoda, Kiyoshi",5,9,1,,,26,118.1,0.357,3.800,1.327,3.955,2.000,9.887,0.913,6.845,2.054,3.333,500,130,52,50,12,90,27,,2,3,2,1,0,0,18,4,61963887
2000,Regular Season,Osaka Kintetsu Buffaloes,52,"Nara, Masashi",1,1,0,,,33,36.0,0.500,4.000,1.444,4.250,0.515,7.500,0.250,4.000,5.500,0.727,162,30,17,16,1,16,22,,6,0,0,0,0,0,0,8,61965111
2000,Regular Season,Hanshin Tigers,1,"Nakagomi, Shin",3,3,2,,,25,48.2,0.500,4.620,1.562,4.808,1.040,12.205,0.925,6.842,1.849,3.700,220,66,26,25,5,37,10,,4,1,0,0,0,0,3,7,63163868
2000,Regular Season,Nippon-Ham Fighters,53,"Tatis, Ramon",0,0,0,,,1,0.2,0.000,54.000,10.500,54.000,4.000,40.500,0.000,0.000,54.000,0.000,9,3,4,4,0,0,4,,0,0,0,0,0,0,0,0,63365111
2000,Regular Season,Chunichi Dragons,29,"Maeda, Yukinaga",5,4,0,,,41,97.2,0.556,3.780,1.024,4.239,1.122,7.556,0.922,6.543,1.659,3.944,392,82,46,41,10,71,18,,2,2,0,0,0,0,12,5,63463868
2000,Regular Season,Fukuoka Daiei Hawks,19,"Nagai, Tomohiro",9,7,0,,,26,143.2,0.563,5.200,1.510,5.450,3.346,9.021,1.441,7.329,4.573,1.603,653,144,87,83,23,117,73,,11,5,1,3,0,0,26,0,71073886
2000,Regular Season,Chunichi Dragons,47,"Noguchi, Shigeki",9,11,0,,,33,173.0,0.450,4.630,1.491,5.150,3.000,10.405,1.040,6.659,3.017,2.207,764,200,99,89,20,128,58,,2,9,0,4,1,0,27,0,71073887
2000,Regular Season,Hanshin Tigers,30,"Fujikawa, Kyuji",0,0,0,,,19,22.2,0.000,4.760,1.897,5.956,0.789,9.926,0.397,9.926,7.147,1.389,113,25,15,12,1,25,18,,4,4,0,0,0,0,0,10,71073888
2000,Regular Season,Chunichi Dragons,51,"Fukuzawa, Takahiro",0,0,0,,,4,5.1,0.000,10.130,2.625,10.125,1.500,18.563,0.000,8.438,5.063,1.667,30,11,6,6,0,5,3,,1,1,0,0,0,0,0,1,71075111
2000,Regular Season,Nippon-Ham Fighters,13,"Ikoma, Masaki",1,1,0,,,28,32.1,0.500,3.900,1.423,4.175,0.536,8.351,0.835,6.959,4.454,1.563,136,30,15,14,3,25,16,,0,1,0,0,0,0,0,5,71173884
2000,Regular Season,Yokohama BayStars,13,"Igarashi, Hideki",0,0,0,,,5,4.1,0.000,8.310,1.846,8.308,0.800,16.615,4.154,2.077,0.000,,20,8,4,4,2,1,0,,0,0,0,0,0,0,0,0,71173887
2000,Regular Season,Chiba Lotte Marines,20,"Yabuta, Yasuhiko",0,1,0,,,2,6.2,0.000,13.500,1.650,13.500,5.000,12.150,4.050,4.050,2.700,1.500,31,9,10,10,3,3,2,,0,0,0,0,0,0,2,0,71273882
2000,Regular Season,Yakult Swallows,49,"Matsuda, Shinji",0,0,0,,,17,18.2,0.000,5.790,1.286,5.786,0.706,8.196,2.411,5.786,3.375,1.714,77,17,12,12,5,12,7,,2,1,0,0,0,0,0,7,71273887
2000,Regular Season,Osaka Kintetsu Buffaloes,59,"Matsumoto, Takuya",0,0,0,,,5,5.1,0.000,5.060,2.063,5.063,0.600,8.438,0.000,15.188,10.125,1.500,27,5,3,3,0,9,6,,0,0,0,0,0,0,0,2,71273888
2000,Regular Season,Fukuoka Daiei Hawks,13,"Watanabe, Hidekazu",0,2,0,,,16,22.0,0.000,5.730,1.500,5.727,0.875,9.818,1.636,7.364,3.682,2.000,98,24,14,14,4,18,9,,1,0,0,0,0,0,1,11,71273889
2000,Regular Season,Orix Bluewave,1,"Kato, Shinichi",3,6,0,,,24,94.0,0.333,4.980,1.340,5.457,2.375,9.862,1.436,4.021,2.202,1.826,402,103,57,52,15,42,23,,2,1,3,4,0,0,14,3,71373869
2000,Regular Season,Nippon-Ham Fighters,16,"Kanemura, Satoru",9,5,0,,,17,101.1,0.643,4.000,1.313,4.086,2.706,8.082,0.977,5.418,3.730,1.452,426,91,46,45,11,61,42,,4,2,0,3,0,0,16,1,71373880
2000,Regular Season,Fukuoka Daiei Hawks,66,"Saito, Kazumi",5,2,0,,,22,89.1,0.714,4.130,1.545,4.433,2.000,9.269,0.907,7.757,4.634,1.674,399,92,44,41,9,77,46,,1,10,1,0,0,0,16,6,71373882
2000,Regular Season,Chunichi Dragons,26,"Ochiai, Eiji",0,2,0,,,21,19.2,0.000,2.750,1.322,3.203,0.333,9.153,0.000,8.237,2.746,3.000,83,20,7,6,0,18,6,,1,2,0,0,0,0,0,2,71373885
2000,Regular Season,Chiba Lotte Marines,63,"Ono, Shingo",13,5,0,,,26,167.0,0.722,3.450,1.401,4.150,2.962,8.623,0.431,5.174,3.988,1.297,717,160,77,64,8,96,74,,1,8,0,4,1,0,26,0,71373889
2000,Regular Season,Osaka Kintetsu Buffaloes,99,"Yoshikawa, Katsunari",0,0,0,,,3,4.1,0.000,6.230,2.538,6.231,1.000,14.538,0.000,12.462,8.308,1.500,24,7,3,3,0,6,4,,0,0,0,0,0,0,0,2,71475111
2000,Regular Season,Yomiuri Giants,49,"Kashiwada, Takashi",2,0,0,,,50,53.0,1.000,2.890,1.038,3.226,0.380,6.792,0.000,6.113,2.547,2.400,213,40,19,17,0,36,15,,2,2,0,0,0,0,0,10,71573881
2000,Regular Season,Yokohama BayStars,47,"Kanda, Daisuke",2,0,0,,,13,26.2,1.000,1.010,0.938,1.013,0.231,6.075,0.338,7.088,2.363,3.000,103,18,3,3,1,21,7,,2,0,0,0,0,0,2,2,71573884
2000,Regular Season,Chunichi Dragons,25,"Koike, Hideo",4,3,0,,,13,58.0,0.571,4.190,1.517,4.966,2.462,8.069,0.776,7.293,5.586,1.306,259,52,32,27,5,47,36,,1,4,0,0,0,0,12,0,71573887
2000,Regular Season,Orix Bluewave,19,"Kimura, Masahiro",0,1,0,,,5,2.1,0.000,15.430,3.429,15.429,0.800,3.857,0.000,7.714,27.000,0.286,16,1,4,4,0,2,7,,1,0,0,0,0,0,1,3,71573888
2000,Regular Season,Nippon-Ham Fighters,45,"Sasaki, Kiyoshi",0,0,0,,,2,2.0,0.000,0.000,1.000,4.500,0.500,0.000,0.000,9.000,9.000,1.000,8,0,1,0,0,2,2,,0,2,0,0,0,0,0,1,71575111
2000,Regular Season,Osaka Kintetsu Buffaloes,13,"Shibata, Kazuya",3,0,0,,,50,29.2,1.000,1.820,1.247,2.124,0.140,7.888,0.000,4.854,3.337,1.455,123,26,7,6,0,16,11,,1,1,1,0,0,0,0,3,71673883
2000,Regular Season,Nippon-Ham Fighters,49,"Orellano, Rafael",0,0,0,,,1,0.1,0.000,27.000,9.000,27.000,1.000,27.000,0.000,0.000,54.000,0.000,4,1,1,1,0,0,2,,0,0,0,0,0,0,0,0,71673886
2000,Regular Season,Chunichi Dragons,46,"Carlson, Dan",0,0,0,,,2,2.1,0.000,0.000,0.857,0.000,0.000,3.857,0.000,3.857,3.857,1.000,8,1,0,0,0,1,1,,0,0,0,0,0,0,0,0,71675111
2000,Regular Season,Hiroshima Toyo Carp,22,"Takahashi, Ken",5,9,4,,,50,112.1,0.357,3.930,1.300,4.487,1.120,7.131,1.042,7.050,4.567,1.544,482,89,56,49,13,88,57,,3,6,0,2,1,0,10,15,71773880
2000,Regular Season,Hanshin Tigers,16,"Yamazaki, Kazuharu",0,0,0,,,17,26.1,0.000,4.780,1.899,6.152,1.059,13.329,1.709,3.418,3.759,0.909,127,39,18,14,5,10,11,,0,3,0,0,0,0,0,5,71773883
2000,Regular Season,Chunichi Dragons,42,"Bunch, Melvin",14,8,0,,,27,184.0,0.636,2.980,1.185,3.277,2.481,6.897,0.587,8.217,3.766,2.182,756,141,67,61,12,168,77,,3,4,0,2,1,0,27,0,71875111
2000,Regular Season,Seibu Lions,16,"Shiozaki, Tetsuya",3,6,0,,,24,82.0,0.333,2.850,1.110,3.951,1.500,8.451,0.549,5.707,1.537,3.714,334,77,36,26,5,52,14,,5,0,0,0,0,0,13,2,71973881
2000,Regular Season,Hiroshima Toyo Carp,19,"Hasegawa, Masayuki",0,2,0,,,10,23.0,0.000,3.130,1.696,5.478,1.400,9.783,1.174,7.826,5.478,1.429,108,25,14,8,3,20,14,,0,1,0,0,0,0,1,4,71973882
2000,Regular Season,Chiba Lotte Marines,11,"Takekiyo, Koji",2,4,0,,,44,74.2,0.333,4.700,1.393,4.942,0.932,8.438,0.964,4.701,4.098,1.147,324,70,41,39,8,39,34,,3,6,0,0,0,0,5,10,71973884
2000,Regular Season,Chiba Lotte Marines,61,"Teramoto, Shiro",0,0,0,,,5,6.2,0.000,2.700,2.550,10.800,1.600,13.500,0.000,6.750,9.450,0.714,37,10,8,2,0,5,7,,0,0,0,0,0,0,0,1,71973888
2000,Regular Season,Orix Bluewave,33,"Hirai, Masafumi",0,1,0,,,5,3.2,0.000,7.360,1.636,7.364,0.600,7.364,4.909,0.000,7.364,0.000,16,3,3,3,2,0,3,,0,0,0,0,0,0,0,3,71973889
2000,Regular Season,Yakult Swallows,33,"Lemon, Donald",3,7,1,,,31,103.2,0.300,3.910,1.341,4.167,1.548,9.029,1.302,6.598,3.039,2.171,439,104,48,45,15,76,35,,2,4,0,0,0,0,15,5,73175111
2000,Regular Season,Osaka Kintetsu Buffaloes,65,"Yamamura, Hiroki",6,9,0,,,27,138.1,0.400,5.010,1.402,5.595,3.185,9.499,1.106,4.619,3.123,1.479,598,146,86,77,17,71,48,,7,1,1,3,1,0,24,0,81083880
2000,Regular Season,Yomiuri Giants,20,"Iriki, Yusaku",0,2,0,,,7,16.1,0.000,3.860,1.653,4.408,1.143,11.020,1.653,5.510,3.857,1.429,75,20,8,7,3,10,7,,0,2,0,0,0,0,2,1,81183884
2000,Regular Season,Chunichi Dragons,13,"Iwase, Hitoki",10,5,1,,,58,80.1,0.667,1.900,1.170,2.241,0.345,7.394,0.336,7.282,3.137,2.321,323,66,20,17,3,65,28,,1,1,0,0,0,0,1,12,81183888
2000,Regular Season,Nippon-Ham Fighters,24,"Shimoyanagi, Tsuyoshi",8,4,0,,,36,93.2,0.667,4.520,1.367,4.804,1.389,7.591,1.057,7.879,4.708,1.673,403,79,50,47,11,82,49,,2,4,0,3,1,0,11,6,81283883
2000,Regular Season,Yakult Swallows,60,"Maeda, Hirotsugu",2,2,0,,,11,33.2,0.500,3.480,1.574,3.475,1.182,9.891,1.337,4.010,4.277,0.938,153,37,13,13,5,15,16,,2,0,0,0,0,0,6,2,81283886
2000,Regular Season,Nippon-Ham Fighters,26,"Kuroki, Junji",2,1,0,,,32,33.2,0.667,4.810,1.396,5.079,0.594,10.426,1.337,6.950,2.139,3.250,151,39,19,18,5,26,8,,5,0,1,0,0,0,0,4,81383882
2000,Regular Season,Yomiuri Giants,13,"Ono, Hitoshi",0,0,0,,,1,3.1,0.000,5.400,2.100,5.400,2.000,13.500,0.000,0.000,5.400,0.000,17,5,2,2,0,0,2,,0,0,0,0,0,0,1,0,81383884
2000,Regular Season,Yomiuri Giants,27,"Kawamoto, Yasuyuki",0,1,2,,,21,23.2,0.000,4.180,1.352,5.324,0.667,7.986,1.901,7.606,4.183,1.818,105,21,14,11,5,20,11,,1,1,0,0,0,0,0,8,81383885
2000,Regular Season,Chiba Lotte Marines,34,"Kawai, Takashi",4,3,0,,,22,49.2,0.571,4.710,1.591,5.617,1.409,9.604,0.362,3.805,4.711,0.808,228,53,31,26,2,21,26,,8,1,1,1,0,0,7,3,81383888
2000,Regular Season,Yokohama BayStars,15,"Kawahara, Ryuichi",2,2,2,,,47,59.2,0.500,3.470,1.508,4.525,0.638,9.503,0.603,10.709,4.073,2.630,271,63,30,23,4,71,27,,2,3,0,0,0,0,0,13,81383889
2000,Regular Season,Chiba Lotte Marines,26,"Wada, Takashi",1,1,0,,,21,50.0,0.500,3.600,1.260,3.780,1.000,7.920,1.080,6.300,3.420,1.842,210,44,21,20,6,35,19,,1,3,0,0,0,0,2,7,81483887
2000,Regular Season,Hiroshima Toyo Carp,45,"Urso, Salvatore",0,0,1,,,29,18.0,0.000,8.000,2.278,10.000,0.690,12.500,1.000,6.000,8.000,0.750,97,25,20,16,2,12,16,,3,2,3,0,0,0,0,3,81485111
2000,Regular Season,Yakult Swallows,14,"Takagi, Koji",2,8,0,,,23,77.1,0.200,5.700,1.720,5.703,2.130,12.103,1.397,5.586,3.375,1.655,358,104,49,49,12,48,29,,5,2,0,0,0,0,15,3,81583864
2000,Regular Season,Yomiuri Giants,11,"Saito, Masaki",3,1,0,,,5,34.1,0.750,2.100,0.699,2.097,1.600,5.243,1.049,5.243,1.049,5.000,125,20,8,8,4,20,4,,1,0,0,0,0,0,5,0,81583869
2000,Regular Season,Chunichi Dragons,33,"Koyama, Shinichiro",2,4,0,,,29,50.0,0.333,5.580,1.540,5.940,1.138,8.100,1.260,7.380,5.760,1.281,226,45,33,31,7,41,32,,6,2,0,0,0,0,3,11,81583884
2000,Regular Season,Yomiuri Giants,96,"Jobe, Tsuyoshi",0,1,0,,,1,3.0,0.000,9.000,2.667,9.000,3.000,18.000,3.000,6.000,6.000,1.000,16,6,3,3,1,2,2,,0,0,0,0,0,0,1,0,81585111
2000,Regular Season,Yokohama BayStars,48,"Shimada, Naoya",1,0,0,,,21,23.0,1.000,4.700,1.391,4.696,0.571,9.000,1.174,3.913,3.522,1.111,96,23,12,12,3,10,9,,1,1,1,0,0,0,0,7,81783868
2000,Regular Season,Seibu Lions,40,"Tomioka, Hisaki",0,1,0,,,8,8.2,0.000,4.150,2.192,5.192,0.625,8.308,0.000,8.308,11.423,0.727,44,8,5,4,0,8,11,,0,0,0,0,0,0,2,2,81783880
2000,Regular Season,Orix Bluewave,12,"Mizuo, Yoshitaka",0,1,0,,,9,17.1,0.000,5.190,1.615,6.231,1.333,10.385,0.519,6.750,4.154,1.625,80,20,12,10,1,13,8,,0,0,0,0,0,0,2,4,81883883
2000,Regular Season,Hanshin Tigers,28,"Fukuhara, Shinobu",5,9,3,,,36,117.2,0.357,3.290,1.283,4.207,1.528,8.337,0.765,9.102,3.212,2.833,500,109,55,43,10,119,42,,3,4,0,1,1,0,14,6,81983888
2000,Regular Season,Chiba Lotte Marines,35,"Roberts, Chris",3,5,0,,,31,95.2,0.375,5.640,1.902,6.021,2.065,11.101,0.941,4.986,6.021,0.828,461,118,64,60,10,53,64,,6,2,0,1,0,0,13,3,83185111
2000,Regular Season,Fukuoka Daiei Hawks,64,"Tanoe, Keisaburo",8,4,0,,,24,88.2,0.667,3.860,1.444,3.857,1.583,9.541,0.406,5.684,3.451,1.647,385,94,38,38,4,56,34,,2,2,0,0,0,0,15,1,91093881
2000,Regular Season,Hanshin Tigers,35,"Funaki, Satoshi",0,0,0,,,1,1.0,0.000,27.000,3.000,36.000,4.000,27.000,9.000,9.000,0.000,,7,3,4,3,1,1,0,,0,0,0,0,0,0,0,0,91093882
2000,Regular Season,Osaka Kintetsu Buffaloes,60,"Fujisaki, Hironori",0,0,0,,,3,3.1,0.000,5.400,1.500,8.100,1.000,10.800,0.000,2.700,2.700,1.000,15,4,3,2,0,1,1,,0,0,0,0,0,0,0,0,91093888
2000,Regular Season,Yakult Swallows,23,"Fujii, Shugo",1,0,0,,,31,32.1,1.000,4.730,1.268,5.010,0.581,6.402,1.392,10.021,5.010,2.000,137,23,18,17,5,36,18,,2,3,1,0,0,0,0,12,91095111
2000,Regular Season,Osaka Kintetsu Buffaloes,62,"Azuse, Kotaro",0,0,0,,,7,6.0,0.000,6.000,2.667,6.000,0.571,6.000,0.000,9.000,18.000,0.500,36,4,4,4,0,6,12,,2,3,0,0,0,0,0,1,91193881
2000,Regular Season,Yakult Swallows,53,"Igarashi, Ryota",11,4,1,,,56,75.1,0.733,3.110,0.996,3.345,0.500,5.018,1.314,10.752,3.942,2.727,301,42,28,26,11,90,33,,1,6,0,0,0,0,0,19,91193886
2000,Regular Season,Yokohama BayStars,43,"Yokoyama, Yukiya",2,1,1,,,29,32.0,0.667,4.780,1.719,4.781,0.586,11.250,0.281,6.750,4.219,1.600,143,40,17,17,1,24,15,,0,2,0,0,0,0,0,16,91293882
2000,Regular Season,Seibu Lions,19,"Mori, Shinji",5,6,23,,,58,78.2,0.455,1.830,0.903,1.831,0.276,5.835,0.686,11.555,2.288,5.050,299,51,16,16,6,101,20,,0,4,0,0,0,0,0,56,91293884
2000,Regular Season,Yomiuri Giants,25,"Hiramatsu, Kazuhiro",4,1,0,,,14,28.0,0.800,2.890,1.571,3.536,0.786,11.250,0.000,5.786,2.893,2.000,129,35,11,9,0,18,9,,2,0,0,0,0,0,4,4,91293886
2000,Regular Season,Fukuoka Daiei Hawks,44,"Mizuta, Akio",0,0,0,,,14,29.1,0.000,2.760,1.193,3.989,0.929,8.591,0.920,8.284,2.148,3.857,121,28,13,9,3,27,7,,0,5,0,0,0,0,0,2,91293888
2000,Regular Season,Yokohama BayStars,28,"Okada, Hirokazu",0,0,0,,,8,7.1,0.000,2.450,0.682,2.455,0.250,6.136,1.227,8.591,0.000,,27,5,2,2,1,7,0,,0,1,0,0,0,0,0,2,91393862
2000,Regular Season,Osaka Kintetsu Buffaloes,11,"Otsuka, Akinori",1,3,24,,,39,41.2,0.250,2.380,1.056,2.376,0.282,6.696,0.648,10.584,2.808,3.769,166,31,11,11,3,49,13,,0,4,0,0,0,0,0,36,91393884
2000,Regular Season,Orix Bluewave,15,"Kaneda, Masahiko",6,6,0,,,18,97.1,0.500,3.510,1.346,3.791,2.278,8.784,0.740,5.271,3.329,1.583,419,95,41,38,8,57,36,,4,1,0,3,1,0,16,2,91393887
2000,Regular Season,Hiroshima Toyo Carp,39,"Oyamada, Yasuhiro",1,3,2,,,23,15.2,0.250,6.890,1.915,8.617,0.652,13.213,0.574,3.447,4.021,0.857,78,23,15,12,1,6,7,,0,2,0,0,0,0,0,5,91393888
2000,Regular Season,Nippon-Ham Fighters,34,"Yoshizaki, Masaru",0,0,0,,,5,3.0,0.000,12.000,4.000,12.000,0.800,21.000,0.000,3.000,15.000,0.200,21,7,4,4,0,1,5,,0,1,0,0,0,0,0,2,91495111
2000,Regular Season,Chiba Lotte Marines,56,"Goto, Toshiyuki",1,6,0,,,8,35.2,0.143,7.320,1.822,7.570,3.750,11.103,0.757,6.561,5.299,1.238,171,44,30,29,3,26,21,,1,3,0,0,0,0,8,0,91593880
2000,Regular Season,Fukuoka Daiei Hawks,41,"Kurano, Shinji",0,1,0,,,2,4.1,0.000,2.080,1.615,2.077,0.500,6.231,0.000,6.231,8.308,0.750,21,3,1,1,0,3,4,,1,0,0,0,0,0,0,1,91593884
2000,Regular Season,Orix Bluewave,22,"Kobayashi, Hiroshi",5,9,0,,,19,93.1,0.357,6.750,1.725,6.750,3.684,11.186,1.350,4.532,4.339,1.044,432,116,70,70,14,47,45,,3,4,0,2,2,1,17,1,91593887
2000,Regular Season,Hiroshima Toyo Carp,36,"Satake, Kenta",0,2,0,,,22,19.2,0.000,5.490,1.678,5.492,0.545,10.068,0.915,7.780,5.034,1.545,92,22,12,12,2,17,11,,1,0,0,0,0,0,0,3,91595111
2000,Regular Season,Hanshin Tigers,14,"Yuminaga, Tatsuhiro",0,0,0,,,5,9.0,0.000,5.000,1.667,5.000,1.000,10.000,4.000,3.000,5.000,0.600,39,10,5,5,4,3,5,,0,0,0,0,0,0,0,1,91693885
2000,Regular Season,Hiroshima Toyo Carp,42,"Cumberland, Christopher",0,1,0,,,1,0.1,0.000,81.000,12.000,81.000,3.000,81.000,0.000,0.000,27.000,0.000,5,3,3,3,0,0,1,,0,0,0,0,0,0,1,0,91695111
2000,Regular Season,Nippon-Ham Fighters,29,"Shibakusa, Hiroshi",1,0,0,,,20,15.1,1.000,2.930,1.630,2.935,0.250,11.152,0.587,6.457,3.522,1.833,71,19,5,5,1,11,6,,3,0,0,0,0,0,0,3,91793868
2000,Regular Season,Hiroshima Toyo Carp,30,"Tamaki, Shigeo",2,1,0,,,26,48.1,0.667,2.610,0.993,2.607,0.538,6.517,0.745,5.028,2.421,2.077,191,35,14,14,4,27,13,,4,0,1,0,0,0,1,3,91793882
2000,Regular Season,Osaka Kintetsu Buffaloes,26,"Sugiyama, Kento",0,1,0,,,27,22.0,0.000,6.140,1.955,6.545,0.593,11.455,2.455,4.909,6.136,0.800,104,28,16,15,6,12,15,,1,0,0,0,0,0,0,3,91793887
2000,Regular Season,Hiroshima Toyo Carp,34,"Tanaka, Yoshiki",0,0,0,,,11,18.1,0.000,3.440,2.073,3.436,0.636,5.400,0.491,4.418,13.255,0.333,90,11,7,7,1,9,27,,1,0,0,0,0,0,2,2,91793889
2000,Regular Season,Hiroshima Toyo Carp,46,"Yamasaki, Ken",6,2,3,,,27,44.0,0.750,4.500,1.114,4.500,0.815,9.614,1.023,5.932,0.409,14.500,179,47,22,22,5,29,2,,3,0,0,0,0,0,0,7,91893883
2000,Regular Season,Orix Bluewave,91,"Pulido, Carlos",7,4,4,,,42,104.1,0.636,5.260,1.524,5.521,1.524,9.316,1.035,6.901,4.399,1.569,468,108,64,61,12,80,51,,2,1,0,1,0,0,13,8,91895111
2000,Regular Season,Chunichi Dragons,19,"Nakayama, Hiroaki",2,1,0,,,25,28.1,0.667,2.220,1.129,3.176,0.400,7.306,0.953,6.988,2.859,2.444,116,23,10,7,3,22,9,,2,1,0,0,0,0,0,5,91993862
2000,Regular Season,Osaka Kintetsu Buffaloes,24,"Takamura, Hiroshi",3,5,0,,,17,68.1,0.375,4.870,1.463,5.005,2.235,8.561,0.790,5.400,4.610,1.171,301,65,38,37,6,41,35,,2,4,0,0,0,0,12,2,91993885
2000,Regular Season,Orix Bluewave,40,"Tokumoto, Satoshi",0,0,0,,,4,6.0,0.000,1.500,1.667,6.000,1.000,12.000,0.000,3.000,3.000,1.000,29,8,4,1,0,2,2,,1,0,0,0,0,0,0,2,91993888
2000,Regular Season,Chiba Lotte Marines,27,"Tobe, Hiroshi",0,0,0,,,7,11.0,0.000,8.180,2.091,9.000,1.571,13.091,3.273,9.818,5.727,1.714,56,16,11,10,4,12,7,,0,1,0,0,0,0,0,5,91995111
2000,Regular Season,Orix Bluewave,43,"Burrows, Terry",5,4,0,,,14,68.1,0.556,5.400,1.668,6.322,3.429,9.746,0.922,5.927,5.268,1.125,309,74,48,41,7,45,40,,3,1,6,1,0,0,10,1,93395111
