Season,Team,Game Type,G,PA,AB,BA,OBP,SLG,OPS,R,H,1B,2B,3B,HR,TB,RBI,SB,CS,SH,SF,BB,IBB,DB,K,DP
2000,Fukuoka Daiei Hawks,Japan Series,6,,198,0.202,,0.369,,,40,22,10,1,7,73,19,5,,,,8,,,62,
2000,Yomiuri Giants,Japan Series,6,,200,0.285,,0.445,,,57,41,8,0,8,89,31,1,,,,24,,,36,
2000,Chiba Lotte Marines,Regular Season,135,5250,4528,0.259,0.341,0.391,0.732,622,1175,822,220,24,109,1770,587,88,26,110,35,544,20,33,791,98
2000,Chunichi Dragons,Regular Season,135,5120,4515,0.266,0.330,0.397,0.728,544,1201,850,220,20,111,1794,521,57,47,125,30,412,30,37,848,107
2000,Fukuoka Daiei Hawks,Regular Season,135,5204,4525,0.268,0.343,0.413,0.756,630,1212,839,217,27,129,1870,610,57,36,106,38,493,14,42,849,97
2000,Hanshin Tigers,Regular Season,136,5083,4534,0.244,0.306,0.363,0.669,473,1107,822,147,24,114,1644,447,53,47,107,24,380,32,36,970,98
2000,Hiroshima Toyo Carp,Regular Season,136,5130,4600,0.256,0.314,0.398,0.712,591,1178,835,182,11,150,1832,562,114,50,98,30,362,21,40,960,79
2000,Nippon-Ham Fighters,Regular Season,135,5354,4627,0.278,0.357,0.455,0.812,771,1285,852,225,31,177,2103,735,107,40,94,40,553,20,40,815,91
2000,Orix Bluewave,Regular Season,135,5257,4517,0.260,0.343,0.392,0.735,638,1176,830,212,18,116,1772,610,72,30,108,41,559,26,31,844,86
2000,Osaka Kintetsu Buffaloes,Regular Season,135,5175,4496,0.262,0.336,0.405,0.741,612,1176,817,200,34,125,1819,583,68,45,122,33,481,21,43,782,90
2000,Seibu Lions,Regular Season,135,5247,4504,0.255,0.337,0.379,0.715,614,1148,811,214,26,97,1705,584,85,38,124,42,539,22,38,824,97
2000,Yakult Swallows,Regular Season,136,5208,4612,0.264,0.327,0.410,0.737,581,1217,840,216,24,137,1892,551,71,29,133,23,404,37,36,910,81
2000,Yokohama BayStars,Regular Season,136,5294,4751,0.277,0.338,0.395,0.733,576,1316,981,213,19,103,1876,557,65,29,61,28,420,35,34,914,117
2000,Yomiuri Giants,Regular Season,135,5164,4552,0.263,0.331,0.446,0.777,689,1199,781,208,7,203,2030,659,50,46,96,36,438,24,41,971,70
