Season,Game Type,Team,#,Name,Position,G,FPCT,PO,A,E,DP,PB,PlayerID
2005,Regular Season,Yomiuri Giants,44,"Horita, Ichiro",OF,43,1.000,25,0,0,0,,01003884
2005,Regular Season,Yokohama BayStars,33,"Furuki, Katsuaki",OF,17,0.947,18,0,1,0,,01003888
2005,Regular Season,Chunichi Dragons,22,"Yanagisawa, Yuichi",C,14,1.000,58,8,0,0,1,01003889
2005,Regular Season,Seibu Lions,3,"Nakajima, Hiroyuki",SS,112,0.977,158,267,10,45,,01005113
2005,Regular Season,Yakult Swallows,16,"Takai, Yuhei",P,18,1.000,5,7,0,0,,01005117
2005,Regular Season,Yakult Swallows,61,"Ishii, Hirotoshi",P,61,1.000,8,16,0,0,,01103882
2005,Regular Season,Yomiuri Giants,2,"Motoki, Daisuke",1B,11,1.000,66,0,0,7,,01103883
2005,Regular Season,Yomiuri Giants,2,"Motoki, Daisuke",2B,13,0.962,22,29,2,7,,01103883
2005,Regular Season,Yomiuri Giants,2,"Motoki, Daisuke",3B,8,1.000,4,6,0,2,,01103883
2005,Regular Season,Yomiuri Giants,2,"Motoki, Daisuke",SS,1,0.000,0,0,0,0,,01103883
2005,Regular Season,Tohoku Rakuten Golden Eagles,8,"Isobe, Koichi",OF,120,0.968,238,7,8,1,,01103884
2005,Regular Season,Hanshin Tigers,29,"Igawa, Kei",P,27,0.970,3,29,1,3,,01103886
2005,Regular Season,Hiroshima Toyo Carp,25,"Arai, Takahiro",1B,35,0.991,210,18,2,16,,01103888
2005,Regular Season,Hiroshima Toyo Carp,25,"Arai, Takahiro",3B,121,0.936,82,224,21,21,,01103888
2005,Regular Season,Tohoku Rakuten Golden Eagles,21,"Iwakuma, Hisashi",P,27,0.978,13,31,1,3,,01105111
2005,Regular Season,Seibu Lions,69,"Azuma, Kazumasa",P,3,0.667,1,1,1,0,,01105113
2005,Regular Season,Hiroshima Toyo Carp,69,"Amaya, Soichiro",OF,1,1.000,1,0,0,0,,01105115
2005,Regular Season,Yokohama BayStars,60,"Iida, Ryuichiro",P,1,1.000,0,1,0,0,,01105117
2005,Regular Season,Chiba Lotte Marines,12,"Fujita, Soichi",P,45,1.000,0,4,0,0,,01203886
2005,Regular Season,Yokohama BayStars,64,"Minami, Ryusuke",OF,15,1.000,7,1,0,0,,01205111
2005,Regular Season,Hanshin Tigers,15,"Fujita, Taiyo",P,4,0.000,0,0,0,0,,01205113
2005,Regular Season,Yomiuri Giants,30,"Hayashi, Masanori",P,54,0.800,0,4,1,0,,01205115
2005,Regular Season,Hiroshima Toyo Carp,20,"Nagakawa, Katsuhiro",P,57,1.000,1,10,0,0,,01205117
2005,Regular Season,Seibu Lions,17,"Yamazaki, Satoshi",P,5,1.000,0,1,0,0,,01205119
2005,Regular Season,Tohoku Rakuten Golden Eagles,30,"Kito, Makoto",P,8,1.000,0,6,0,0,,01303864
2005,Regular Season,Tohoku Rakuten Golden Eagles,7,"Yamasaki, Takeshi",1B,17,0.965,102,9,4,7,,01303868
2005,Regular Season,Tohoku Rakuten Golden Eagles,19,"Kawajiri, Tetsuro",P,2,1.000,1,1,0,0,,01303880
2005,Regular Season,Yokohama BayStars,24,"Kadokura, Ken",P,29,1.000,8,19,0,1,,01303882
2005,Regular Season,Hanshin Tigers,8,"Kataoka, Atsushi",1B,10,1.000,53,4,0,4,,01303885
2005,Regular Season,Hanshin Tigers,8,"Kataoka, Atsushi",3B,2,1.000,1,1,0,0,,01303885
2005,Regular Season,Hokkaido Nippon-Ham Fighters,51,"Oda, Tomoyuki",1B,68,0.996,494,33,2,64,,01303886
2005,Regular Season,Hokkaido Nippon-Ham Fighters,51,"Oda, Tomoyuki",2B,1,0.500,1,0,1,0,,01303886
2005,Regular Season,Hokkaido Nippon-Ham Fighters,51,"Oda, Tomoyuki",3B,2,1.000,4,2,0,0,,01303886
2005,Regular Season,Seibu Lions,7,"Kataoka, Yasuyuki",2B,47,0.977,51,78,3,13,,01305110
2005,Regular Season,Seibu Lions,7,"Kataoka, Yasuyuki",3B,1,0.000,0,0,0,0,,01305110
2005,Regular Season,Seibu Lions,7,"Kataoka, Yasuyuki",SS,28,0.971,43,91,4,17,,01305110
2005,Regular Season,Chiba Lotte Marines,8,"Imae, Toshiaki",2B,1,1.000,0,1,0,0,,01305115
2005,Regular Season,Chiba Lotte Marines,8,"Imae, Toshiaki",3B,132,0.976,99,264,9,24,,01305115
2005,Regular Season,Hanshin Tigers,26,"Egusa, Hirotaka",P,51,1.000,3,13,0,1,,01305117
2005,Regular Season,Orix Buffaloes,17,"Katsuki, Ryota",P,47,0.895,3,14,2,1,,01305119
2005,Regular Season,Chunichi Dragons,34,"Yamamoto, Masahiro",P,22,1.000,3,17,0,1,,01403862
2005,Regular Season,Yakult Swallows,57,"Maruyama, Takashi",P,2,0.000,0,0,0,0,,01405110
2005,Regular Season,Hanshin Tigers,21,"Yoshino, Makoto",P,12,1.000,0,1,0,0,,01405111
2005,Regular Season,Yomiuri Giants,37,"Saito, Takayuki",1B,3,1.000,4,0,0,0,,01503880
2005,Regular Season,Yomiuri Giants,37,"Saito, Takayuki",OF,27,0.947,34,2,2,0,,01503880
2005,Regular Season,Chunichi Dragons,57,"Kuramoto, Hidenori",OF,72,1.000,50,0,0,0,,01503888
2005,Regular Season,Yomiuri Giants,40,"Sato, Hiroshi",P,20,1.000,0,2,0,0,,01505111
2005,Regular Season,Yomiuri Giants,22,"Kapler, Gabe",OF,35,1.000,55,1,0,0,,01605110
2005,Regular Season,Seibu Lions,23,"Ming-Chieh, Hsu",P,4,1.000,0,1,0,0,,01605111
2005,Regular Season,Tohoku Rakuten Golden Eagles,23,"Sekikawa, Koichi",OF,95,0.982,162,3,3,1,,01703883
2005,Regular Season,Orix Buffaloes,62,"Tamaki, Tomotaka",SS,1,1.000,0,1,0,0,,01703889
2005,Regular Season,Orix Buffaloes,54,"Shimamura, Ikki",3B,1,1.000,1,1,0,0,,01705119
2005,Regular Season,Seibu Lions,40,"Wright, Christopher",P,2,1.000,0,1,0,0,,01805110
2005,Regular Season,Hokkaido Nippon-Ham Fighters,1,"Shinjo, Tsuyoshi",OF,106,0.991,212,3,2,0,,01903881
2005,Regular Season,Tohoku Rakuten Golden Eagles,20,"Taninaka, Shinji",P,21,1.000,3,5,0,0,,01903884
2005,Regular Season,Orix Buffaloes,55,"Tanaka, Yuki",P,8,0.833,1,4,1,0,,01903886
2005,Regular Season,Seibu Lions,68,"Tahara, Koji",C,46,0.989,170,8,2,1,2,01903887
2005,Regular Season,Yomiuri Giants,7,"Nioka, Tomohiro",SS,139,0.980,167,409,12,64,,01903888
2005,Regular Season,Hiroshima Toyo Carp,19,"Tanaka, Hiroto",P,14,1.000,1,1,0,0,,01905110
2005,Regular Season,Seibu Lions,35,"Tazaki, Masahiro",P,4,0.000,0,0,0,0,,01905115
2005,Regular Season,Yokohama BayStars,43,"Holtz, Mike",P,44,0.750,0,3,1,0,,03105110
2005,Regular Season,Orix Buffaloes,8,"Simon, Randall",1B,2,1.000,11,0,0,0,,03305110
2005,Regular Season,Seibu Lions,1,"Fernandez, Jose",1B,17,0.985,126,8,2,7,,03305117
2005,Regular Season,Seibu Lions,1,"Fernandez, Jose",3B,47,0.932,41,68,8,9,,03305117
2005,Regular Season,Seibu Lions,57,"Ueda, Hiroaki",1B,1,0.000,0,0,0,0,,05303868
2005,Regular Season,Seibu Lions,57,"Ueda, Hiroaki",2B,7,0.833,2,3,1,1,,05303868
2005,Regular Season,Seibu Lions,57,"Ueda, Hiroaki",3B,21,1.000,2,2,0,0,,05303868
2005,Regular Season,Seibu Lions,57,"Ueda, Hiroaki",SS,4,1.000,1,1,0,1,,05303868
2005,Regular Season,Chiba Lotte Marines,24,"Hirashita, Koji",OF,3,1.000,2,0,0,0,,11013882
2005,Regular Season,Hanshin Tigers,31,"Hamanaka, Osamu",OF,6,0.800,4,0,1,0,,11013884
2005,Regular Season,Orix Buffaloes,2,"Matoyama, Tetsuya",C,51,0.996,201,27,1,1,4,11013889
2005,Regular Season,Chiba Lotte Marines,17,"Tejima, Satoshi",P,1,0.000,0,0,0,0,,11015110
2005,Regular Season,Chiba Lotte Marines,45,"Tsuji, Toshiya",C,2,0.000,0,0,0,0,0,11015115
2005,Regular Season,Hiroshima Toyo Carp,23,"Yokoyama, Ryuji",P,29,1.000,2,3,0,0,,11213880
2005,Regular Season,Yakult Swallows,12,"Misawa, Koichi",P,2,1.000,0,1,0,0,,11213884
2005,Regular Season,Hiroshima Toyo Carp,53,"Hayashi, Masaki",P,5,1.000,0,2,0,0,,11213886
2005,Regular Season,Fukuoka Softbank Hawks,34,"Yoshitake, Shintaro",P,61,0.958,6,17,1,0,,11213889
2005,Regular Season,Hanshin Tigers,34,"Hashimoto, Kentaro",P,51,0.900,5,4,1,0,,11215110
2005,Regular Season,Seibu Lions,22,"Noda, Kosuke",C,26,0.991,101,7,1,0,1,11215113
2005,Regular Season,Yokohama BayStars,53,"Nonaka, Shingo",OF,5,1.000,1,1,0,0,,11215115
2005,Regular Season,Fukuoka Softbank Hawks,14,"Mahara, Takahiro",P,42,0.933,4,10,1,0,,11215119
2005,Regular Season,Yakult Swallows,1,"Iwamura, Akinori",3B,142,0.953,74,213,14,21,,11313884
2005,Regular Season,Tohoku Rakuten Golden Eagles,27,"Ogura, Hisashi",P,15,1.000,1,3,0,0,,11313887
2005,Regular Season,Yomiuri Giants,19,"Uehara, Koji",P,27,0.946,4,31,2,1,,11313888
2005,Regular Season,Fukuoka Softbank Hawks,7,"Omura, Naoyuki",OF,133,0.992,239,3,2,1,,11313889
2005,Regular Season,Yakult Swallows,19,"Ishikawa, Masanori",P,26,1.000,8,24,0,3,,11315115
2005,Regular Season,Tohoku Rakuten Golden Eagles,29,"Yano, Eiji",P,5,1.000,1,1,0,0,,11413888
2005,Regular Season,Hokkaido Nippon-Ham Fighters,36,"Nakamura, Micheal",P,32,1.000,2,1,0,0,,11415110
2005,Regular Season,Chiba Lotte Marines,15,"Yamakita, Shigetoshi",P,7,1.000,1,2,0,0,,11415111
2005,Regular Season,Yomiuri Giants,39,"Miura, Taka",1B,2,1.000,14,1,0,0,,11415113
2005,Regular Season,Yomiuri Giants,39,"Miura, Taka",OF,5,1.000,3,1,0,0,,11415113
2005,Regular Season,Hanshin Tigers,13,"Nakamura, Yasuhiro",P,2,1.000,0,1,0,0,,11415117
2005,Regular Season,Yomiuri Giants,18,"Kuwata, Masumi",P,12,1.000,7,10,0,0,,11513862
2005,Regular Season,Orix Buffaloes,11,"Kawagoe, Hidetaka",P,24,1.000,6,23,0,1,,11513888
2005,Regular Season,Chunichi Dragons,17,"Kawai, Yudai",P,4,0.500,0,1,1,0,,11515110
2005,Regular Season,Chunichi Dragons,12,"Okamoto, Shinya",P,57,1.000,3,5,0,2,,11515113
2005,Regular Season,Hiroshima Toyo Carp,17,"Ohtake, Kan",P,28,0.927,9,29,3,2,,11515115
2005,Regular Season,Yakult Swallows,17,"Kawashima, Ryo",P,20,0.960,9,15,1,5,,11515119
2005,Regular Season,Yakult Swallows,27,"Furuta, Atsuya",C,87,0.998,595,37,1,9,1,11613881
2005,Regular Season,Orix Buffaloes,3,"Muramatsu, Arihito",OF,111,0.994,169,2,1,0,,11613883
2005,Regular Season,Seibu Lions,36,"Yamagishi, Minoru",P,14,1.000,3,2,0,0,,11615110
2005,Regular Season,Orix Buffaloes,34,"Motoyanagi, Kazuya",P,12,1.000,0,5,0,2,,11615115
2005,Regular Season,Yakult Swallows,10,"Shiroishi, Noriyuki",2B,115,0.983,204,272,8,66,,11713880
2005,Regular Season,Yakult Swallows,10,"Shiroishi, Noriyuki",3B,8,0.933,3,11,1,1,,11713880
2005,Regular Season,Yakult Swallows,10,"Shiroishi, Noriyuki",SS,14,1.000,13,25,0,3,,11713880
2005,Regular Season,Seibu Lions,10,"Takagi, Taisei",1B,1,0.000,0,0,0,0,,11713882
2005,Regular Season,Tohoku Rakuten Golden Eagles,25,"Satake, Manabu",1B,1,1.000,1,0,0,0,,11713884
2005,Regular Season,Tohoku Rakuten Golden Eagles,25,"Satake, Manabu",2B,20,1.000,29,50,0,9,,11713884
2005,Regular Season,Tohoku Rakuten Golden Eagles,25,"Satake, Manabu",3B,1,0.000,0,0,0,0,,11713884
2005,Regular Season,Tohoku Rakuten Golden Eagles,25,"Satake, Manabu",OF,48,0.989,92,2,1,0,,11713884
2005,Regular Season,Tohoku Rakuten Golden Eagles,25,"Satake, Manabu",SS,1,0.000,0,0,1,0,,11713884
2005,Regular Season,Seibu Lions,25,"Shotsu, Eiji",P,36,1.000,1,5,0,0,,11713886
2005,Regular Season,Hiroshima Toyo Carp,58,"Kojima, Shinjiro",P,2,1.000,0,1,0,0,,11715110
2005,Regular Season,Hiroshima Toyo Carp,51,"Suenaga, Masafumi",OF,25,1.000,9,0,0,0,,11715111
2005,Regular Season,Hanshin Tigers,63,"Kano, Keisuke",C,1,1.000,1,0,0,0,0,11715113
2005,Regular Season,Fukuoka Softbank Hawks,37,"Miyaji, Katsuhiko",OF,123,0.986,207,10,3,2,,11813881
2005,Regular Season,Orix Buffaloes,24,"Brumbaugh, Cliff",1B,19,1.000,154,14,0,9,,11815110
2005,Regular Season,Orix Buffaloes,24,"Brumbaugh, Cliff",3B,22,0.956,12,31,2,1,,11815110
2005,Regular Season,Orix Buffaloes,24,"Brumbaugh, Cliff",OF,50,0.963,74,3,3,0,,11815110
2005,Regular Season,Fukuoka Softbank Hawks,21,"Wada, Tsuyoshi",P,25,0.929,5,21,2,2,,11815117
2005,Regular Season,Hiroshima Toyo Carp,98,"Feliciano, Juan",P,5,1.000,2,1,0,1,,11815119
2005,Regular Season,Hanshin Tigers,0,"Nakamura, Yutaka",OF,46,0.950,18,1,1,0,,11913882
2005,Regular Season,Hokkaido Nippon-Ham Fighters,3,"Tanaka, Kensuke",2B,2,1.000,2,6,0,0,,11915111
2005,Regular Season,Hokkaido Nippon-Ham Fighters,3,"Tanaka, Kensuke",OF,3,1.000,6,0,0,0,,11915111
2005,Regular Season,Hokkaido Nippon-Ham Fighters,3,"Tanaka, Kensuke",SS,1,1.000,0,3,0,1,,11915111
2005,Regular Season,Seibu Lions,6,"Goto, Taketoshi",1B,3,0.938,13,2,1,2,,11915117
2005,Regular Season,Seibu Lions,6,"Goto, Taketoshi",3B,5,0.750,5,4,3,3,,11915117
2005,Regular Season,Fukuoka Softbank Hawks,30,"Cabrera, Jolbert",1B,1,1.000,11,1,0,1,,13115110
2005,Regular Season,Fukuoka Softbank Hawks,30,"Cabrera, Jolbert",2B,64,0.982,120,150,5,34,,13115110
2005,Regular Season,Fukuoka Softbank Hawks,30,"Cabrera, Jolbert",3B,14,1.000,1,1,0,0,,13115110
2005,Regular Season,Fukuoka Softbank Hawks,30,"Cabrera, Jolbert",OF,67,0.990,95,3,1,1,,13115110
2005,Regular Season,Hokkaido Nippon-Ham Fighters,24,"Knight, Brandon",P,8,0.750,2,1,1,0,,13115117
2005,Regular Season,Yakult Swallows,34,"Guttormson, Rick",P,16,1.000,5,15,0,0,,13315110
2005,Regular Season,Tohoku Rakuten Golden Eagles,47,"Rath, Gary",P,23,1.000,4,16,0,1,,13315117
2005,Regular Season,Tohoku Rakuten Golden Eagles,54,"Hodges, Kevin",P,18,1.000,2,13,0,0,,13515113
2005,Regular Season,Fukuoka Softbank Hawks,42,"Zuleta, Julio",1B,122,0.995,931,53,5,76,,13515117
2005,Regular Season,Chiba Lotte Marines,6,"Hatsushiba, Kiyoshi",1B,1,1.000,2,0,0,0,,13813868
2005,Regular Season,Chiba Lotte Marines,6,"Hatsushiba, Kiyoshi",3B,12,1.000,4,9,0,2,,13813868
2005,Regular Season,Tohoku Rakuten Golden Eagles,2,"Iida, Tetsuya",2B,1,1.000,0,1,0,0,,15213868
2005,Regular Season,Tohoku Rakuten Golden Eagles,2,"Iida, Tetsuya",OF,48,1.000,71,2,0,0,,15213868
2005,Regular Season,Yakult Swallows,9,"Suzuki, Ken",1B,61,0.998,472,38,1,40,,15313868
2005,Regular Season,Yakult Swallows,9,"Suzuki, Ken",3B,2,0.800,2,2,1,0,,15313868
2005,Regular Season,Tohoku Rakuten Golden Eagles,40,"Masuda, Daisuke",OF,33,0.980,48,1,1,1,,21023882
2005,Regular Season,Hanshin Tigers,25,"Maekawa, Katsuhiko",P,2,0.000,0,0,0,0,,21023884
2005,Regular Season,Yokohama BayStars,13,"Nasuno, Takumi",P,8,1.000,2,1,0,0,,21025110
2005,Regular Season,Chiba Lotte Marines,52,"Heiuchi, Hisao",2B,4,1.000,3,1,0,1,,21025111
2005,Regular Season,Chiba Lotte Marines,52,"Heiuchi, Hisao",3B,3,1.000,2,1,0,0,,21025111
2005,Regular Season,Chiba Lotte Marines,52,"Heiuchi, Hisao",SS,1,0.000,0,0,0,0,,21025111
2005,Regular Season,Chunichi Dragons,3,"Tatsunami, Kazuyoshi",3B,81,0.945,43,130,10,12,,21123866
2005,Regular Season,Chunichi Dragons,3,"Tatsunami, Kazuyoshi",OF,35,0.946,35,0,2,0,,21123866
2005,Regular Season,Chunichi Dragons,58,"Onishi, Takayuki",OF,16,1.000,15,2,0,0,,21123880
2005,Regular Season,Hiroshima Toyo Carp,64,"Io, Takamitsu",OF,3,1.000,2,0,0,0,,21123888
2005,Regular Season,Chunichi Dragons,24,"Endo, Masataka",P,13,1.000,0,3,0,0,,21123889
2005,Regular Season,Tohoku Rakuten Golden Eagles,11,"Ichiba, Yasuhiro",P,23,1.000,6,10,0,1,,21125110
2005,Regular Season,Orix Buffaloes,26,"Iwashita, Shuichi",P,1,0.000,0,0,0,0,,21125111
2005,Regular Season,Yomiuri Giants,10,"Abe, Shinnosuke",1B,32,0.989,263,14,3,14,,21125113
2005,Regular Season,Yomiuri Giants,10,"Abe, Shinnosuke",C,98,0.991,793,55,8,10,1,21125113
2005,Regular Season,Tohoku Rakuten Golden Eagles,26,"Arime, Kanehisa",P,37,1.000,4,24,0,0,,21125115
2005,Regular Season,Yomiuri Giants,36,"Iwadate, Manabu",2B,3,1.000,3,2,0,0,,21125119
2005,Regular Season,Yomiuri Giants,36,"Iwadate, Manabu",3B,2,0.000,0,0,0,0,,21125119
2005,Regular Season,Yomiuri Giants,36,"Iwadate, Manabu",SS,1,1.000,0,3,0,0,,21125119
2005,Regular Season,Chunichi Dragons,5,"Watanabe, Hiroyuki",1B,82,0.995,198,6,1,19,,21223882
2005,Regular Season,Chunichi Dragons,5,"Watanabe, Hiroyuki",3B,7,1.000,0,1,0,0,,21223882
2005,Regular Season,Chunichi Dragons,5,"Watanabe, Hiroyuki",OF,2,1.000,1,0,0,0,,21223882
2005,Regular Season,Chunichi Dragons,8,"Morino, Masahiko",1B,7,1.000,14,0,0,0,,21223884
2005,Regular Season,Chunichi Dragons,8,"Morino, Masahiko",3B,69,0.975,33,120,4,11,,21223884
2005,Regular Season,Chunichi Dragons,8,"Morino, Masahiko",OF,47,0.960,45,3,2,0,,21223884
2005,Regular Season,Hokkaido Nippon-Ham Fighters,0,"Furuki, Shigeyuki",2B,3,1.000,0,4,0,0,,21223886
2005,Regular Season,Hokkaido Nippon-Ham Fighters,0,"Furuki, Shigeyuki",3B,2,0.000,0,0,0,0,,21223886
2005,Regular Season,Hokkaido Nippon-Ham Fighters,0,"Furuki, Shigeyuki",SS,20,0.975,36,43,2,19,,21223886
2005,Regular Season,Yomiuri Giants,12,"Murata, Yoshinori",C,31,1.000,238,8,0,2,2,21223887
2005,Regular Season,Hiroshima Toyo Carp,41,"Morikasa, Shigeru",OF,64,0.986,66,2,1,1,,21223888
2005,Regular Season,Yokohama BayStars,23,"Fujita, Kazuya",2B,5,1.000,1,4,0,0,,21225110
2005,Regular Season,Yokohama BayStars,23,"Fujita, Kazuya",3B,3,1.000,2,3,0,0,,21225110
2005,Regular Season,Seibu Lions,43,"Miyazaki, Kazuaki",OF,2,1.000,2,0,0,0,,21225111
2005,Regular Season,Hanshin Tigers,9,"Fujimoto, Atsushi",2B,117,0.978,210,283,11,67,,21225113
2005,Regular Season,Hanshin Tigers,9,"Fujimoto, Atsushi",SS,1,1.000,1,0,0,0,,21225113
2005,Regular Season,Chunichi Dragons,19,"Hisamoto, Yuichi",P,18,1.000,0,1,0,0,,21225115
2005,Regular Season,Chunichi Dragons,7,"Kawai, Masahiro",1B,1,0.000,0,0,0,0,,21323869
2005,Regular Season,Chunichi Dragons,7,"Kawai, Masahiro",2B,1,0.000,0,0,0,0,,21323869
2005,Regular Season,Chunichi Dragons,7,"Kawai, Masahiro",3B,63,0.944,11,23,2,4,,21323869
2005,Regular Season,Chunichi Dragons,7,"Kawai, Masahiro",SS,1,0.000,0,0,0,0,,21323869
2005,Regular Season,Seibu Lions,12,"Kawahara, Junichi",P,20,1.000,5,21,0,1,,21323880
2005,Regular Season,Hokkaido Nippon-Ham Fighters,2,"Ogasawara, Michihiro",3B,133,0.965,100,235,12,28,,21323884
2005,Regular Season,Orix Buffaloes,43,"Kikuchihara, Tsuyoshi",P,71,1.000,2,10,0,2,,21323887
2005,Regular Season,Hokkaido Nippon-Ham Fighters,8,"Kaneko, Makoto",SS,79,0.987,106,191,4,52,,21323889
2005,Regular Season,Fukuoka Softbank Hawks,29,"Kato, Ryota",C,1,1.000,1,0,0,0,0,21325110
2005,Regular Season,Yokohama BayStars,2,"Uchikawa, Seiichi",1B,4,1.000,6,1,0,0,,21325113
2005,Regular Season,Yokohama BayStars,2,"Uchikawa, Seiichi",2B,1,1.000,0,1,0,0,,21325113
2005,Regular Season,Yokohama BayStars,2,"Uchikawa, Seiichi",3B,9,0.933,4,10,1,1,,21325113
2005,Regular Season,Yokohama BayStars,2,"Uchikawa, Seiichi",OF,59,0.987,78,0,1,0,,21325113
2005,Regular Season,Orix Buffaloes,12,"Kato, Tatsuo",P,36,1.000,3,6,0,0,,21325119
2005,Regular Season,Yomiuri Giants,58,"Yamada, Shinsuke",OF,1,1.000,3,0,0,0,,21423886
2005,Regular Season,Yomiuri Giants,41,"Miki, Hitoshi",P,4,0.000,0,0,0,0,,21425110
2005,Regular Season,Yakult Swallows,51,"Yoneno, Tomohito",C,30,0.993,134,5,1,2,3,21425111
2005,Regular Season,Orix Buffaloes,60,"Makita, Shogo",1B,1,1.000,10,0,0,0,,21425115
2005,Regular Season,Orix Buffaloes,60,"Makita, Shogo",2B,1,1.000,0,1,0,0,,21425115
2005,Regular Season,Orix Buffaloes,60,"Makita, Shogo",3B,4,1.000,2,0,0,0,,21425115
2005,Regular Season,Hiroshima Toyo Carp,45,"Matsumoto, Takaaki",2B,10,1.000,22,35,0,5,,21425117
2005,Regular Season,Hiroshima Toyo Carp,45,"Matsumoto, Takaaki",SS,10,0.920,12,11,2,4,,21425117
2005,Regular Season,Chiba Lotte Marines,4,"Franco, Matt",1B,36,0.995,197,11,1,17,,21425119
2005,Regular Season,Chiba Lotte Marines,4,"Franco, Matt",3B,1,0.667,1,3,2,1,,21425119
2005,Regular Season,Chiba Lotte Marines,4,"Franco, Matt",OF,89,0.983,116,3,2,1,,21425119
2005,Regular Season,Hiroshima Toyo Carp,15,"Kuroda, Hiroki",P,29,0.966,17,39,2,3,,21523884
2005,Regular Season,Fukuoka Softbank Hawks,16,"Shinohara, Takayuki",P,1,0.000,0,0,0,0,,21523886
2005,Regular Season,Yokohama BayStars,10,"Saeki, Takahiro",1B,146,0.996,1272,72,6,111,,21523887
2005,Regular Season,Yokohama BayStars,44,"Koike, Masaaki",1B,2,1.000,1,0,0,0,,21523888
2005,Regular Season,Yokohama BayStars,44,"Koike, Masaaki",OF,127,0.985,188,7,3,1,,21523888
2005,Regular Season,Chiba Lotte Marines,28,"Kato, Kosuke",P,9,1.000,0,3,0,0,,21525113
2005,Regular Season,Fukuoka Softbank Hawks,38,"Kamiuchi, Yasushi",P,46,1.000,1,9,0,0,,21525115
2005,Regular Season,Orix Buffaloes,15,"Kato, Daisuke",P,60,1.000,4,7,0,0,,21525117
2005,Regular Season,Yokohama BayStars,42,"Kroon, Marc",P,55,0.800,3,5,2,0,,21625110
2005,Regular Season,Yakult Swallows,62,"Yoshikawa, Masahiro",P,61,1.000,1,14,0,0,,21625117
2005,Regular Season,Chunichi Dragons,31,"Chen, Wei-Yin",P,10,0.000,0,0,0,0,,21625119
2005,Regular Season,Hiroshima Toyo Carp,18,"Sasaoka, Shinji",P,30,0.889,2,6,1,1,,21723881
2005,Regular Season,Yokohama BayStars,57,"Tsuruoka, Kazunari",C,7,1.000,24,1,0,0,1,21723882
2005,Regular Season,Fukuoka Softbank Hawks,6,"Torigoe, Yusuke",1B,1,0.000,0,0,0,0,,21723889
2005,Regular Season,Fukuoka Softbank Hawks,6,"Torigoe, Yusuke",2B,73,1.000,73,92,0,18,,21723889
2005,Regular Season,Fukuoka Softbank Hawks,6,"Torigoe, Yusuke",3B,2,1.000,0,1,0,0,,21723889
2005,Regular Season,Fukuoka Softbank Hawks,6,"Torigoe, Yusuke",SS,28,0.969,25,37,2,8,,21723889
2005,Regular Season,Chunichi Dragons,48,"Sawai, Michihisa",2B,3,1.000,6,4,0,2,,21725110
2005,Regular Season,Chunichi Dragons,48,"Sawai, Michihisa",3B,2,0.000,0,0,0,0,,21725110
2005,Regular Season,Chunichi Dragons,48,"Sawai, Michihisa",SS,2,0.875,0,7,1,1,,21725110
2005,Regular Season,Yomiuri Giants,17,"Takahashi, Hisanori",P,27,0.909,2,18,2,1,,21725111
2005,Regular Season,Yomiuri Giants,11,"Kubo, Yuya",P,64,1.000,3,15,0,1,,21725117
2005,Regular Season,Tohoku Rakuten Golden Eagles,3,"Yoshioka, Yuji",1B,100,0.994,825,64,5,57,,21823881
2005,Regular Season,Tohoku Rakuten Golden Eagles,3,"Yoshioka, Yuji",3B,2,1.000,0,2,0,0,,21823881
2005,Regular Season,Yakult Swallows,65,"Matsumoto, Yuichi",1B,25,1.000,177,9,0,14,,21823888
2005,Regular Season,Yakult Swallows,65,"Matsumoto, Yuichi",OF,12,1.000,18,1,0,1,,21823888
2005,Regular Season,Chiba Lotte Marines,43,"Pascucci, Val",1B,4,1.000,3,0,0,1,,21825110
2005,Regular Season,Chiba Lotte Marines,43,"Pascucci, Val",OF,32,0.934,55,2,4,1,,21825110
2005,Regular Season,Hanshin Tigers,4,"Sheets, Andy",1B,134,0.994,1188,57,8,114,,21825117
2005,Regular Season,Hanshin Tigers,4,"Sheets, Andy",3B,1,0.000,0,0,0,0,,21825117
2005,Regular Season,Hiroshima Toyo Carp,38,"Fukui, Keiji",2B,18,1.000,16,25,0,4,,21923880
2005,Regular Season,Hiroshima Toyo Carp,38,"Fukui, Keiji",3B,28,0.947,10,26,2,3,,21923880
2005,Regular Season,Yomiuri Giants,62,"Hara, Shunsuke",1B,4,1.000,20,1,0,3,,21923882
2005,Regular Season,Hiroshima Toyo Carp,2,"Higashide, Akihiro",2B,13,0.936,18,26,3,4,,21923888
2005,Regular Season,Hiroshima Toyo Carp,2,"Higashide, Akihiro",SS,14,0.958,15,31,2,8,,21923888
2005,Regular Season,Chiba Lotte Marines,9,"Fukura, Kazuya",1B,112,0.993,1020,48,7,95,,21923889
2005,Regular Season,Yakult Swallows,7,"Tanaka, Hiroyasu",2B,2,1.000,1,1,0,0,,21925110
2005,Regular Season,Yakult Swallows,47,"Tanaka, Takashi",P,3,1.000,1,1,0,0,,21925115
2005,Regular Season,Orix Buffaloes,52,"Sakaguchi, Tomotaka",OF,2,1.000,2,0,0,0,,21925117
2005,Regular Season,Hanshin Tigers,1,"Toritani, Takashi",SS,146,0.985,201,477,10,86,,21925119
2005,Regular Season,Hokkaido Nippon-Ham Fighters,43,"Almonte, Erick",2B,1,0.000,0,0,0,0,,23125110
2005,Regular Season,Hokkaido Nippon-Ham Fighters,43,"Almonte, Erick",SS,27,0.932,43,80,9,22,,23125110
2005,Regular Season,Chiba Lotte Marines,38,"Kakiuchi, Tetsuya",OF,8,1.000,6,0,0,0,,27123868
2005,Regular Season,Yokohama BayStars,0,"Manei, Takashi",2B,18,0.926,10,15,2,2,,31033889
2005,Regular Season,Yokohama BayStars,0,"Manei, Takashi",3B,26,0.955,8,13,1,2,,31033889
2005,Regular Season,Yakult Swallows,24,"Hanada, Masato",P,40,1.000,3,9,0,2,,31035111
2005,Regular Season,Chunichi Dragons,46,"Tsuchiya, Teppei",OF,1,1.000,1,0,0,0,,31035113
2005,Regular Season,Tohoku Rakuten Golden Eagles,48,"Tsuji, Ryutaro",OF,15,0.967,28,1,1,0,,31035115
2005,Regular Season,Orix Buffaloes,36,"Shimoyama, Shinji",OF,39,0.974,37,1,1,0,,31035117
2005,Regular Season,Yomiuri Giants,23,"Nishimura, Kentaro",P,12,1.000,3,7,0,0,,31035119
2005,Regular Season,Orix Buffaloes,30,"Aikawa, Ryota",OF,10,1.000,21,0,0,0,,31133888
2005,Regular Season,Seibu Lions,21,"Ishii, Takashi",P,7,0.857,3,3,1,0,,31133889
2005,Regular Season,Seibu Lions,53,"Aoki, Hayato",P,6,1.000,0,1,0,0,,31135111
2005,Regular Season,Orix Buffaloes,38,"Aiki, Takashi",P,12,0.889,3,5,1,1,,31135113
2005,Regular Season,Tohoku Rakuten Golden Eagles,36,"Asai, Hideki",P,15,1.000,3,8,0,0,,31135115
2005,Regular Season,Yakult Swallows,23,"Aoki, Norichika",OF,144,0.997,320,3,1,1,,31135119
2005,Regular Season,Yakult Swallows,43,"Miyade, Ryuji",OF,92,0.987,146,5,2,0,,31233882
2005,Regular Season,Hiroshima Toyo Carp,0,"Kimura, Takuya",2B,81,0.981,134,235,7,38,,31233883
2005,Regular Season,Hiroshima Toyo Carp,0,"Kimura, Takuya",OF,12,1.000,10,1,0,1,,31233883
2005,Regular Season,Hiroshima Toyo Carp,0,"Kimura, Takuya",SS,29,0.953,15,26,2,3,,31233883
2005,Regular Season,Seibu Lions,66,"Miyakoshi, Akira",P,21,1.000,5,9,0,2,,31233884
2005,Regular Season,Hanshin Tigers,35,"Makino, Rui",P,2,1.000,0,1,0,0,,31233887
2005,Regular Season,Seibu Lions,18,"Matsuzaka, Daisuke",P,28,1.000,6,27,0,1,,31233888
2005,Regular Season,Hiroshima Toyo Carp,35,"Matsumoto, Tomofumi",SS,22,0.956,15,28,2,2,,31235111
2005,Regular Season,Yakult Swallows,33,"Hatakeyama, Kazuhiro",1B,2,1.000,7,0,0,0,,31235113
2005,Regular Season,Yakult Swallows,33,"Hatakeyama, Kazuhiro",3B,2,0.000,0,0,0,0,,31235113
2005,Regular Season,Hokkaido Nippon-Ham Fighters,18,"Iwamoto, Tsutomu",P,10,1.000,3,2,0,0,,31333881
2005,Regular Season,Seibu Lions,39,"Kaizuka, Masahide",1B,9,0.958,43,3,2,2,,31335111
2005,Regular Season,Seibu Lions,39,"Kaizuka, Masahide",OF,14,1.000,17,1,0,0,,31335111
2005,Regular Season,Hiroshima Toyo Carp,4,"Ogata, Yoshinori",2B,3,1.000,1,9,0,0,,31335119
2005,Regular Season,Hiroshima Toyo Carp,4,"Ogata, Yoshinori",SS,45,0.940,65,124,12,18,,31335119
2005,Regular Season,Seibu Lions,5,"Wada, Kazuhiro",OF,128,0.988,251,5,3,1,,31433884
2005,Regular Season,Hanshin Tigers,24,"Hiyama, Shinjiro",OF,89,1.000,123,1,0,1,,31433885
2005,Regular Season,Yakult Swallows,45,"Yamamoto, Tatsuki",P,9,1.000,1,3,0,0,,31433887
2005,Regular Season,Orix Buffaloes,18,"Yamaguchi, Kazuo",P,16,1.000,0,1,0,0,,31435111
2005,Regular Season,Seibu Lions,45,"Mizuta, Keisuke",2B,5,1.000,2,3,0,1,,31435113
2005,Regular Season,Seibu Lions,45,"Mizuta, Keisuke",3B,14,1.000,0,6,0,0,,31435113
2005,Regular Season,Seibu Lions,45,"Mizuta, Keisuke",SS,1,0.000,0,0,0,0,,31435113
2005,Regular Season,Chiba Lotte Marines,7,"Nishioka, Tsuyoshi",2B,91,0.994,137,211,2,38,,31435117
2005,Regular Season,Chiba Lotte Marines,7,"Nishioka, Tsuyoshi",SS,63,0.989,85,174,3,33,,31435117
2005,Regular Season,Tohoku Rakuten Golden Eagles,0,"Sakai, Tadaharu",2B,27,0.982,47,60,2,7,,31533868
2005,Regular Season,Tohoku Rakuten Golden Eagles,0,"Sakai, Tadaharu",3B,26,0.976,10,31,1,3,,31533868
2005,Regular Season,Tohoku Rakuten Golden Eagles,0,"Sakai, Tadaharu",SS,54,0.988,82,160,3,29,,31533868
2005,Regular Season,Chiba Lotte Marines,54,"Kuroki, Tomohiro",P,3,1.000,2,1,0,0,,31533880
2005,Regular Season,Hiroshima Toyo Carp,40,"Kura, Yoshikazu",C,106,0.997,631,49,2,8,5,31533886
2005,Regular Season,Yomiuri Giants,45,"Kuroda, Satoshi",1B,1,1.000,1,0,0,1,,31533887
2005,Regular Season,Yomiuri Giants,45,"Kuroda, Satoshi",2B,2,1.000,6,3,0,1,,31533887
2005,Regular Season,Yomiuri Giants,45,"Kuroda, Satoshi",3B,11,1.000,2,3,0,0,,31533887
2005,Regular Season,Yomiuri Giants,45,"Kuroda, Satoshi",SS,18,0.970,10,22,1,7,,31533887
2005,Regular Season,Yomiuri Giants,6,"Kokubo, Hiroki",3B,142,0.989,102,248,4,21,,31533889
2005,Regular Season,Hiroshima Toyo Carp,50,"Kurihara, Kenta",1B,56,0.994,452,39,3,39,,31535111
2005,Regular Season,Hiroshima Toyo Carp,50,"Kurihara, Kenta",3B,15,0.951,9,30,2,1,,31535111
2005,Regular Season,Hanshin Tigers,5,"Okihara, Yoshinori",3B,1,0.000,0,0,1,0,,31535113
2005,Regular Season,Tohoku Rakuten Golden Eagles,32,"Okihara, Yoshinori",SS,64,0.980,118,177,6,29,,31535113
2005,Regular Season,Seibu Lions,19,"Osada, Shuichiro",P,9,1.000,0,3,0,1,,31535117
2005,Regular Season,Fukuoka Softbank Hawks,23,"Kidokoro, Ryuma",OF,1,0.000,0,0,0,0,,31535119
2005,Regular Season,Hiroshima Toyo Carp,1,"Maeda, Tomonori",OF,144,1.000,172,12,0,2,,31633881
2005,Regular Season,Seibu Lions,16,"Wakui, Hideaki",P,13,1.000,1,8,0,0,,31635110
2005,Regular Season,Yokohama BayStars,21,"Yoshimi, Yuji",P,12,1.000,0,10,0,0,,31635113
2005,Regular Season,Chunichi Dragons,29,"Yamai, Daisuke",P,27,1.000,10,17,0,0,,31635115
2005,Regular Season,Fukuoka Softbank Hawks,32,"Morimoto, Satoru",2B,2,0.000,0,0,0,0,,31635117
2005,Regular Season,Fukuoka Softbank Hawks,32,"Morimoto, Satoru",3B,3,1.000,0,1,0,0,,31635117
2005,Regular Season,Fukuoka Softbank Hawks,32,"Morimoto, Satoru",SS,1,0.000,0,0,0,0,,31635117
2005,Regular Season,Yomiuri Giants,69,"Mullen, Scott",P,22,1.000,3,13,0,1,,31635119
2005,Regular Season,Fukuoka Softbank Hawks,2,"Jojima, Kenji",1B,5,1.000,21,4,0,3,,31733880
2005,Regular Season,Fukuoka Softbank Hawks,2,"Jojima, Kenji",C,108,0.997,852,48,3,12,3,31733880
2005,Regular Season,Chiba Lotte Marines,14,"Komiyama, Satoru",P,23,1.000,1,3,0,0,,31733881
2005,Regular Season,Orix Buffaloes,6,"Shiotani, Kazuhiko",1B,1,0.000,0,0,0,0,,31733887
2005,Regular Season,Orix Buffaloes,6,"Shiotani, Kazuhiko",3B,9,1.000,5,19,0,1,,31733887
2005,Regular Season,Chiba Lotte Marines,22,"Satozaki, Tomoya",C,89,0.994,500,31,3,5,1,31733888
2005,Regular Season,Chunichi Dragons,37,"Koyama, Yoshio",C,4,1.000,6,0,0,0,0,31735110
2005,Regular Season,Chiba Lotte Marines,11,"Kanda, Yoshihide",P,6,1.000,0,1,0,0,,31735117
2005,Regular Season,Seibu Lions,46,"Sato, Takahiko",1B,10,0.957,21,1,1,1,,31735119
2005,Regular Season,Seibu Lions,46,"Sato, Takahiko",OF,3,1.000,3,0,0,0,,31735119
2005,Regular Season,Yomiuri Giants,35,"Miceli, Dan",P,4,0.000,0,0,0,0,,31835110
2005,Regular Season,Hanshin Tigers,54,"Williams, Jeff",P,75,0.952,10,10,1,0,,31835117
2005,Regular Season,Yokohama BayStars,50,"Bowers, Cedrick",P,18,1.000,2,17,0,1,,31835119
2005,Regular Season,Yomiuri Giants,8,"Nishi, Toshihisa",2B,128,0.993,295,409,5,73,,31933882
2005,Regular Season,Hokkaido Nippon-Ham Fighters,30,"Takahashi, Shinji",C,49,1.000,244,18,0,4,1,31933884
2005,Regular Season,Chunichi Dragons,0,"Takahashi, Mitsunobu",1B,2,1.000,14,0,0,0,,31933886
2005,Regular Season,Fukuoka Softbank Hawks,22,"Taguchi, Masanori",C,6,1.000,30,2,0,0,0,31933887
2005,Regular Season,Fukuoka Softbank Hawks,13,"Takahashi, Hideaki",P,4,1.000,1,0,0,0,,31935110
2005,Regular Season,Fukuoka Softbank Hawks,47,"Sugiuchi, Toshiya",P,26,1.000,8,21,0,1,,31935115
2005,Regular Season,Chunichi Dragons,69,"Kobayashi, Masato",P,4,0.000,0,0,0,0,,31935117
2005,Regular Season,Hokkaido Nippon-Ham Fighters,13,"Sunaga, Hideki",P,1,1.000,0,2,0,0,,31935119
2005,Regular Season,Fukuoka Softbank Hawks,77,"Batista, Tony",3B,135,0.960,88,224,13,18,,33135110
2005,Regular Season,Yomiuri Giants,31,"Nishiyama, Shuji",C,4,0.900,17,1,2,0,0,33233868
2005,Regular Season,Tohoku Rakuten Golden Eagles,65,"Tracy, Andy",1B,5,1.000,27,5,0,2,,33335110
2005,Regular Season,Tohoku Rakuten Golden Eagles,65,"Tracy, Andy",3B,50,0.903,29,55,9,8,,33335110
2005,Regular Season,Hiroshima Toyo Carp,30,"Davey, Tom",P,18,0.960,10,14,1,0,,33535117
2005,Regular Season,Fukuoka Softbank Hawks,4,"Deguchi, Yudai",OF,10,1.000,6,0,0,0,,41043881
2005,Regular Season,Fukuoka Softbank Hawks,67,"Matsumoto, Akira",P,9,1.000,1,1,0,0,,41043882
2005,Regular Season,Chunichi Dragons,35,"Makuta, Kenji",OF,6,1.000,0,1,0,0,,41043884
2005,Regular Season,Yokohama BayStars,29,"Niinuma, Shinji",C,1,1.000,1,0,0,0,0,41043886
2005,Regular Season,Seibu Lions,26,"Hoshino, Tomoki",P,56,0.600,0,3,2,0,,41043888
2005,Regular Season,Yomiuri Giants,27,"Nakamura, Hayato",P,6,1.000,0,2,0,0,,41045113
2005,Regular Season,Tohoku Rakuten Golden Eagles,58,"Nagasaka, Kenji",C,39,1.000,91,3,0,2,0,41045115
2005,Regular Season,Hokkaido Nippon-Ham Fighters,21,"Takeda, Hisashi",P,23,1.000,4,10,0,1,,41045117
2005,Regular Season,Chiba Lotte Marines,3,"Omura, Saburo",OF,105,0.996,225,7,1,1,,41143880
2005,Regular Season,Chunichi Dragons,6,"Ibata, Hirokazu",SS,146,0.993,204,480,5,97,,41143886
2005,Regular Season,Yakult Swallows,60,"Ishido, Katsutoshi",P,5,1.000,1,3,0,0,,41143888
2005,Regular Season,Yakult Swallows,14,"Uehara, Kojiro",P,3,0.000,0,0,0,0,,41145110
2005,Regular Season,Orix Buffaloes,4,"Abe, Masahiro",1B,2,1.000,3,1,0,0,,41145113
2005,Regular Season,Orix Buffaloes,4,"Abe, Masahiro",2B,4,1.000,8,9,0,2,,41145113
2005,Regular Season,Orix Buffaloes,4,"Abe, Masahiro",3B,10,1.000,5,19,0,0,,41145113
2005,Regular Season,Orix Buffaloes,4,"Abe, Masahiro",SS,118,0.985,155,303,7,64,,41145113
2005,Regular Season,Hanshin Tigers,16,"Ando, Yuya",P,24,1.000,4,17,0,1,,41145115
2005,Regular Season,Yokohama BayStars,35,"Ushida, Shigeki",P,2,1.000,0,1,0,0,,41145119
2005,Regular Season,Fukuoka Softbank Hawks,33,"Hoshino, Junji",P,19,1.000,2,15,0,0,,41243886
2005,Regular Season,Hokkaido Nippon-Ham Fighters,46,"Morimoto, Hichori",OF,97,0.995,179,6,1,1,,41243888
2005,Regular Season,Seibu Lions,34,"Hoashi, Kazuyuki",P,26,1.000,7,19,0,5,,41245113
2005,Regular Season,Yomiuri Giants,32,"Nagata, Masahiro",2B,2,1.000,1,1,0,0,,41245117
2005,Regular Season,Yomiuri Giants,5,"Kiyohara, Kazuhiro",1B,91,0.995,721,32,4,57,,41343862
2005,Regular Season,Hanshin Tigers,39,"Yano, Akihiro",C,138,0.998,1130,76,3,11,8,41343883
2005,Regular Season,Fukuoka Softbank Hawks,45,"Okamoto, Katsunori",P,14,1.000,1,2,0,0,,41343884
2005,Regular Season,Hanshin Tigers,6,"Kanemoto, Tomoaki",OF,146,0.990,197,8,2,3,,41343885
2005,Regular Season,Chunichi Dragons,11,"Kawakami, Kenshin",P,25,1.000,10,18,0,0,,41343886
2005,Regular Season,Fukuoka Softbank Hawks,52,"Kawasaki, Munenori",SS,102,0.987,170,283,6,61,,41345111
2005,Regular Season,Orix Buffaloes,35,"Okubo, Masanobu",P,39,1.000,1,6,0,0,,41345113
2005,Regular Season,Hokkaido Nippon-Ham Fighters,27,"Ejiri, Shintaro",P,17,0.882,6,9,2,1,,41345115
2005,Regular Season,Orix Buffaloes,50,"Onishi, Hiroaki",OF,90,0.990,92,5,1,1,,41345117
2005,Regular Season,Yokohama BayStars,8,"Aikawa, Ryoji",C,144,0.992,1067,68,9,11,4,41443880
2005,Regular Season,Yokohama BayStars,18,"Miura, Daisuke",P,28,0.970,8,24,1,2,,41443885
2005,Regular Season,Fukuoka Softbank Hawks,17,"Yamada, Akichika",P,4,0.000,0,0,0,0,,41445113
2005,Regular Season,Hiroshima Toyo Carp,49,"Bale, John",P,51,1.000,0,6,0,0,,41445119
2005,Regular Season,Chiba Lotte Marines,1,"Kosaka, Makoto",SS,112,0.993,142,290,3,64,,41543884
2005,Regular Season,Seibu Lions,54,"Shibasaki, Kazuhiro",P,8,1.000,2,0,0,0,,41543886
2005,Regular Season,Fukuoka Softbank Hawks,31,"Sato, Makoto",P,27,1.000,4,4,0,0,,41543889
2005,Regular Season,Hokkaido Nippon-Ham Fighters,53,"Kudo, Takahito",OF,5,1.000,6,0,0,0,,41545110
2005,Regular Season,Chiba Lotte Marines,18,"Shimizu, Naoyuki",P,23,1.000,4,14,0,0,,41545111
2005,Regular Season,Yomiuri Giants,64,"Kamoshida, Takashi",P,5,1.000,0,1,0,0,,41545115
2005,Regular Season,Yokohama BayStars,17,"Kato, Takeharu",P,46,1.000,2,15,0,0,,41545117
2005,Regular Season,Orix Buffaloes,7,"Mizuguchi, Eiji",1B,4,1.000,11,1,0,0,,41643883
2005,Regular Season,Orix Buffaloes,7,"Mizuguchi, Eiji",2B,43,0.982,44,65,2,11,,41643883
2005,Regular Season,Orix Buffaloes,7,"Mizuguchi, Eiji",3B,42,0.937,21,38,4,6,,41643883
2005,Regular Season,Hanshin Tigers,41,"Spencer, Shane",1B,1,0.000,0,0,0,0,,41645110
2005,Regular Season,Hanshin Tigers,41,"Spencer, Shane",OF,76,0.981,101,1,2,1,,41645110
2005,Regular Season,Seibu Lions,42,"Cabrera, Alex",1B,111,0.995,871,45,5,76,,41645113
2005,Regular Season,Chiba Lotte Marines,42,"Serafini, Dan",P,27,0.917,3,30,3,1,,41645119
2005,Regular Season,Hokkaido Nippon-Ham Fighters,6,"Tanaka, Yukio",1B,38,0.996,218,13,1,31,,41743862
2005,Regular Season,Hokkaido Nippon-Ham Fighters,6,"Tanaka, Yukio",OF,13,0.933,9,5,1,0,,41743862
2005,Regular Season,Yokohama BayStars,6,"Tamura, Hitoshi",OF,115,0.988,240,5,3,1,,41743880
2005,Regular Season,Yakult Swallows,44,"Sugimoto, Yu",P,1,0.000,0,0,0,0,,41743884
2005,Regular Season,Tohoku Rakuten Golden Eagles,4,"Takasu, Yosuke",2B,74,0.992,165,224,3,44,,41743886
2005,Regular Season,Tohoku Rakuten Golden Eagles,4,"Takasu, Yosuke",SS,10,1.000,13,22,0,4,,41743886
2005,Regular Season,Hokkaido Nippon-Ham Fighters,25,"Tateishi, Naoyuki",P,28,0.833,2,3,1,0,,41743888
2005,Regular Season,Yakult Swallows,11,"Sakamoto, Yataro",P,5,1.000,1,1,0,0,,41745113
2005,Regular Season,Tohoku Rakuten Golden Eagles,42,"Lopez, Luis",1B,17,0.990,93,11,1,9,,41845110
2005,Regular Season,Tohoku Rakuten Golden Eagles,42,"Lopez, Luis",3B,64,0.969,41,82,4,7,,41845110
2005,Regular Season,Tohoku Rakuten Golden Eagles,15,"Fukumori, Kazuo",P,49,0.947,4,14,1,1,,41943880
2005,Regular Season,Chiba Lotte Marines,00,"Daita, Takenori",OF,26,1.000,19,0,0,0,,41943886
2005,Regular Season,Tohoku Rakuten Golden Eagles,17,"Tokano, Hisashi",P,12,1.000,0,1,0,0,,41943887
2005,Regular Season,Hiroshima Toyo Carp,28,"Hiroike, Koji",P,41,1.000,4,6,0,0,,41943888
2005,Regular Season,Hiroshima Toyo Carp,44,"Fukuchi, Kazuki",2B,1,0.800,1,3,1,0,,41943889
2005,Regular Season,Hiroshima Toyo Carp,44,"Fukuchi, Kazuki",OF,12,1.000,3,0,0,0,,41943889
2005,Regular Season,Hiroshima Toyo Carp,52,"Tamayama, Kenta",P,1,0.000,0,0,0,0,,41945113
2005,Regular Season,Tohoku Rakuten Golden Eagles,50,"Myette, Aaron",P,3,0.000,0,0,0,0,,43145110
2005,Regular Season,Hiroshima Toyo Carp,7,"Nomura, Kenjiro",1B,65,0.990,530,53,6,47,,43243868
2005,Regular Season,Hiroshima Toyo Carp,7,"Nomura, Kenjiro",OF,1,0.000,0,0,0,0,,43243868
2005,Regular Season,Hiroshima Toyo Carp,7,"Nomura, Kenjiro",SS,1,1.000,2,4,0,1,,43243868
2005,Regular Season,Hokkaido Nippon-Ham Fighters,67,"Lee, Corey",P,9,1.000,0,5,0,0,,43345110
2005,Regular Season,Orix Buffaloes,25,"Powell, Jeremy",P,28,0.963,15,37,2,3,,43345113
2005,Regular Season,Yakult Swallows,6,"Miyamoto, Shinya",SS,135,0.995,211,447,3,85,,51053880
2005,Regular Season,Yokohama BayStars,30,"Doi, Yoshihiro",P,26,1.000,7,16,0,1,,51053886
2005,Regular Season,Tohoku Rakuten Golden Eagles,31,"Fujii, Akihito",C,111,0.989,485,51,6,6,2,51053888
2005,Regular Season,Chunichi Dragons,20,"Nakata, Kenichi",P,15,0.895,5,12,2,0,,51055110
2005,Regular Season,Hanshin Tigers,18,"Sugiyama, Naohisa",P,23,0.923,3,21,2,1,,51055117
2005,Regular Season,Hiroshima Toyo Carp,34,"Nibe, Satoshi",P,7,1.000,0,1,0,0,,51055119
2005,Regular Season,Hiroshima Toyo Carp,6,"Asai, Itsuki",1B,19,0.992,117,11,1,9,,51153881
2005,Regular Season,Seibu Lions,9,"Akada, Shogo",OF,128,0.992,240,3,2,1,,51153888
2005,Regular Season,Fukuoka Softbank Hawks,54,"Ide, Tatsuya",OF,69,1.000,52,2,0,0,,51153889
2005,Regular Season,Chunichi Dragons,18,"Asakura, Kenta",P,16,0.895,3,14,2,0,,51155111
2005,Regular Season,Tohoku Rakuten Golden Eagles,22,"Aikyo, Hisashi",P,16,1.000,0,1,0,0,,51155113
2005,Regular Season,Hanshin Tigers,12,"Asai, Ryo",C,11,0.971,32,2,1,0,0,51155115
2005,Regular Season,Hanshin Tigers,12,"Asai, Ryo",OF,1,1.000,1,0,0,0,,51155115
2005,Regular Season,Orix Buffaloes,48,"Abe, Kenta",P,3,0.000,0,0,0,0,,51155117
2005,Regular Season,Tohoku Rakuten Golden Eagles,49,"Yoshida, Toyohiko",P,50,0.917,1,10,1,3,,51253866
2005,Regular Season,Hokkaido Nippon-Ham Fighters,33,"Hashimoto, Yoshitaka",P,20,1.000,0,2,0,0,,51255110
2005,Regular Season,Fukuoka Softbank Hawks,57,"Mise, Koji",P,54,1.000,0,3,0,0,,51255119
2005,Regular Season,Yakult Swallows,54,"Uno, Masami",P,6,0.000,0,0,0,0,,51353884
2005,Regular Season,Tohoku Rakuten Golden Eagles,13,"Oshima, Koichi",2B,22,1.000,20,34,0,4,,51353887
2005,Regular Season,Tohoku Rakuten Golden Eagles,13,"Oshima, Koichi",3B,17,1.000,9,10,0,0,,51353887
2005,Regular Season,Chunichi Dragons,43,"Ogasawara, Takashi",P,5,1.000,0,2,0,0,,51353888
2005,Regular Season,Yomiuri Giants,28,"Okajima, Hideki",P,42,1.000,2,5,0,1,,51353889
2005,Regular Season,Hokkaido Nippon-Ham Fighters,14,"Iba, Tomokazu",P,22,1.000,2,0,0,0,,51355113
2005,Regular Season,Hiroshima Toyo Carp,31,"Ishihara, Yoshiyuki",C,71,0.993,412,35,3,8,6,51355115
2005,Regular Season,Seibu Lions,28,"Okamoto, Atsushi",P,3,1.000,0,1,0,0,,51355119
2005,Regular Season,Hiroshima Toyo Carp,00,"Yamasaki, Koji",2B,7,1.000,2,6,0,1,,51453888
2005,Regular Season,Hiroshima Toyo Carp,00,"Yamasaki, Koji",SS,88,0.984,98,211,5,47,,51453888
2005,Regular Season,Yakult Swallows,21,"Matsuoka, Kenichi",P,4,1.000,0,1,0,0,,51455110
2005,Regular Season,Tohoku Rakuten Golden Eagles,38,"Yamashita, Katsumi",3B,5,1.000,1,2,0,0,,51455111
2005,Regular Season,Seibu Lions,29,"Mitsui, Koji",P,28,0.917,1,10,1,1,,51455113
2005,Regular Season,Chiba Lotte Marines,36,"I, Sunyopu",1B,18,1.000,118,4,0,12,,51455119
2005,Regular Season,Chiba Lotte Marines,36,"I, Sunyopu",OF,48,1.000,74,0,0,0,,51455119
2005,Regular Season,Yomiuri Giants,47,"Kudo, Kimiyasu",P,24,0.952,4,16,1,0,,51553865
2005,Regular Season,Hanshin Tigers,47,"Sakumoto, Masahiro",P,1,0.000,0,0,0,0,,51553882
2005,Regular Season,Yokohama BayStars,16,"Kawamura, Takeo",P,56,1.000,6,17,0,1,,51553884
2005,Regular Season,Hanshin Tigers,32,"Kuji, Teruyoshi",SS,1,1.000,0,2,0,0,,51553885
2005,Regular Season,Hiroshima Toyo Carp,21,"Kobayashi, Kanei",P,2,0.000,0,0,0,0,,51553886
2005,Regular Season,Yakult Swallows,26,"Kawabata, Ryu",P,34,1.000,1,6,0,0,,51553888
2005,Regular Season,Hokkaido Nippon-Ham Fighters,47,"Kikuchi, Kazumasa",P,1,0.000,0,0,0,0,,51555110
2005,Regular Season,Yomiuri Giants,15,"Goto, Mitsutaka",P,5,1.000,0,4,0,0,,51555111
2005,Regular Season,Seibu Lions,14,"Onodera, Chikara",P,30,1.000,0,1,0,0,,51555117
2005,Regular Season,Orix Buffaloes,77,"Yoshii, Masato",P,15,1.000,2,16,0,0,,51653860
2005,Regular Season,Tohoku Rakuten Golden Eagles,18,"Watanabe, Koki",P,17,1.000,3,7,0,1,,51655110
2005,Regular Season,Yomiuri Giants,48,"Yano, Kenji",OF,62,1.000,95,0,0,0,,51655117
2005,Regular Season,Seibu Lions,4,"Takagi, Hiroyuki",2B,45,0.994,74,105,1,23,,51753880
2005,Regular Season,Hiroshima Toyo Carp,14,"Sawazaki, Toshikazu",P,2,0.000,0,0,0,0,,51753884
2005,Regular Season,Hokkaido Nippon-Ham Fighters,40,"Sanematsu, Kazunari",C,64,0.992,236,15,2,3,2,51753888
2005,Regular Season,Seibu Lions,0,"Takanami, Fumikazu",OF,58,1.000,83,3,0,0,,51753889
2005,Regular Season,Chunichi Dragons,33,"Kongo, Hiroki",P,9,1.000,0,2,0,0,,51755110
2005,Regular Season,Yomiuri Giants,52,"Sogawa, Takatomi",1B,5,1.000,6,0,0,0,,51755111
2005,Regular Season,Yomiuri Giants,52,"Sogawa, Takatomi",2B,3,1.000,5,2,0,0,,51755111
2005,Regular Season,Yomiuri Giants,52,"Sogawa, Takatomi",3B,4,0.000,0,0,0,0,,51755111
2005,Regular Season,Yomiuri Giants,52,"Sogawa, Takatomi",SS,3,0.500,1,0,1,0,,51755111
2005,Regular Season,Seibu Lions,52,"Kuriyama, Takumi",OF,77,0.970,130,0,4,0,,51755115
2005,Regular Season,Yakult Swallows,13,"Sato, Masaru",P,32,1.000,0,3,0,0,,51755119
2005,Regular Season,Chunichi Dragons,44,"Woods, Tyrone",1B,135,0.992,1064,63,9,111,,51855117
2005,Regular Season,Seibu Lions,13,"Nishiguchi, Fumiya",P,25,0.966,9,19,1,0,,51953880
2005,Regular Season,Seibu Lions,55,"Shiigi, Takumi",C,1,1.000,2,0,0,0,0,51953881
2005,Regular Season,Yomiuri Giants,24,"Takahashi, Yoshinobu",OF,78,0.994,150,5,1,0,,51953886
2005,Regular Season,Fukuoka Softbank Hawks,68,"Takeoka, Kazuhiro",P,16,0.857,1,5,1,1,,51955119
2005,Regular Season,Tohoku Rakuten Golden Eagles,44,"Minor, Damon",1B,6,1.000,53,0,0,2,,53155110
2005,Regular Season,Yomiuri Giants,33,"Eto, Akira",1B,33,0.993,133,5,1,9,,53253868
2005,Regular Season,Yomiuri Giants,33,"Eto, Akira",3B,1,0.000,0,0,0,0,,53253868
2005,Regular Season,Yomiuri Giants,63,"Miadich, J.B.",P,15,1.000,0,1,0,0,,53355110
2005,Regular Season,Chunichi Dragons,4,"Ochoa, Alex",OF,137,0.988,236,7,3,1,,53355117
2005,Regular Season,Chiba Lotte Marines,47,"Inoe, Jun",OF,14,1.000,12,0,0,0,,55953868
2005,Regular Season,Fukuoka Softbank Hawks,3,"Matsunaka, Nobuhiko",1B,8,0.960,68,4,3,7,,61063884
2005,Regular Season,Fukuoka Softbank Hawks,3,"Matsunaka, Nobuhiko",OF,18,1.000,23,0,0,0,,61063884
2005,Regular Season,Tohoku Rakuten Golden Eagles,37,"Nagaike, Yasuo",2B,13,0.967,12,17,1,3,,61063885
2005,Regular Season,Tohoku Rakuten Golden Eagles,37,"Nagaike, Yasuo",3B,25,0.958,7,16,1,0,,61063885
2005,Regular Season,Tohoku Rakuten Golden Eagles,37,"Nagaike, Yasuo",SS,1,1.000,2,1,0,0,,61063885
2005,Regular Season,Yakult Swallows,30,"Yamabe, Futoshi",P,40,1.000,1,5,0,0,,61063889
2005,Regular Season,Hanshin Tigers,14,"Nohmi, Atsushi",P,16,1.000,1,8,0,1,,61065110
2005,Regular Season,Yakult Swallows,66,"Honma, Tadashi",P,11,1.000,0,2,0,0,,61065111
2005,Regular Season,Seibu Lions,31,"Ozeki, Tatsuya",OF,32,0.973,36,0,1,0,,61163880
2005,Regular Season,Chunichi Dragons,9,"Inoe, Kazuki",OF,75,0.989,85,5,1,0,,61163881
2005,Regular Season,Hanshin Tigers,7,"Imaoka, Makoto",3B,146,0.958,87,233,14,20,,61163884
2005,Regular Season,Hokkaido Nippon-Ham Fighters,44,"Ueda, Yoshinori",OF,3,1.000,2,0,0,0,,61163885
2005,Regular Season,Chiba Lotte Marines,23,"Otsuka, Akira",OF,93,1.000,144,2,0,2,,61163889
2005,Regular Season,Hokkaido Nippon-Ham Fighters,20,"Yano, Satoshi",P,24,1.000,2,2,0,0,,61263884
2005,Regular Season,Yomiuri Giants,38,"Hoshi, Takanori",C,2,1.000,7,0,0,0,0,61265110
2005,Regular Season,Orix Buffaloes,46,"Mukae, Yuichiro",OF,6,0.875,7,0,1,0,,61265111
2005,Regular Season,Tohoku Rakuten Golden Eagles,63,"Makida, Akihisa",OF,8,1.000,5,0,0,0,,61265113
2005,Regular Season,Orix Buffaloes,9,"Hirano, Keiichi",2B,115,0.983,221,350,10,84,,61265115
2005,Regular Season,Orix Buffaloes,9,"Hirano, Keiichi",OF,11,1.000,9,1,0,1,,61265115
2005,Regular Season,Yokohama BayStars,12,"Yoshikawa, Teruaki",P,25,1.000,0,11,0,3,,61265119
2005,Regular Season,Yakult Swallows,32,"Ono, Kosei",C,54,1.000,281,16,0,0,3,61363884
2005,Regular Season,Yokohama BayStars,20,"Kizuka, Atsushi",P,58,1.000,2,9,0,1,,61365111
2005,Regular Season,Seibu Lions,15,"Onuma, Koji",P,31,1.000,2,8,0,0,,61365113
2005,Regular Season,Hiroshima Toyo Carp,46,"Oshima, Takayuki",P,7,1.000,2,2,0,0,,61365115
2005,Regular Season,Orix Buffaloes,45,"Mitsuhara, Atsuhiro",P,17,0.905,4,15,2,2,,61465110
2005,Regular Season,Fukuoka Softbank Hawks,61,"Yamamura, Michinao",P,1,0.000,0,0,0,0,,61465113
2005,Regular Season,Chiba Lotte Marines,50,"Agbayani, Benny",OF,74,0.979,92,2,2,0,,61465119
2005,Regular Season,Hiroshima Toyo Carp,55,"Shima, Shigenobu",OF,143,0.987,226,7,3,1,,61563880
2005,Regular Season,Chiba Lotte Marines,41,"Kobayashi, Hiroyuki",P,23,0.929,8,18,2,1,,61563884
2005,Regular Season,Yokohama BayStars,11,"Saito, Takashi",P,21,1.000,3,18,0,2,,61563885
2005,Regular Season,Yakult Swallows,8,"Sato, Shinichi",OF,4,1.000,4,0,0,0,,61563887
2005,Regular Season,Chiba Lotte Marines,30,"Kobayashi, Masahide",P,46,1.000,0,5,0,0,,61563888
2005,Regular Season,Chiba Lotte Marines,16,"Kubo, Yasutomo",P,19,1.000,4,13,0,1,,61565110
2005,Regular Season,Hokkaido Nippon-Ham Fighters,28,"Shoda, Itsuki",P,12,1.000,5,7,0,1,,61565111
2005,Regular Season,Hanshin Tigers,55,"Kida, Go",1B,2,1.000,16,2,0,1,,61565115
2005,Regular Season,Hanshin Tigers,59,"Cubillan, Darwin",P,4,1.000,0,2,0,0,,61665110
2005,Regular Season,Tohoku Rakuten Golden Eagles,39,"Nakamura, Takeshi",C,64,1.000,233,20,0,3,2,61763864
2005,Regular Season,Yokohama BayStars,22,"Sasaki, Kazuhiro",P,9,0.000,0,0,0,0,,61763881
2005,Regular Season,Yomiuri Giants,68,"Suzuki, Takahiro",OF,26,0.978,44,1,1,0,,61763884
2005,Regular Season,Hokkaido Nippon-Ham Fighters,22,"Tateyama, Yoshinori",P,45,0.889,3,5,1,0,,61763888
2005,Regular Season,Chunichi Dragons,23,"Suzuki, Yoshihiro",P,47,0.889,4,12,2,0,,61765110
2005,Regular Season,Seibu Lions,44,"Takayama, Hisashi",OF,16,1.000,13,2,0,1,,61765111
2005,Regular Season,Seibu Lions,30,"Sato, Tomoaki",OF,17,0.974,36,2,1,0,,61765113
2005,Regular Season,Yomiuri Giants,43,"Sanada, Hiroki",P,4,0.000,0,0,0,0,,61765115
2005,Regular Season,Hanshin Tigers,30,"Kubota, Tomoyuki",P,68,0.909,2,8,1,0,,61765117
2005,Regular Season,Tohoku Rakuten Golden Eagles,45,"Shinzato, Ken",C,1,1.000,1,0,0,0,0,61765119
2005,Regular Season,Chunichi Dragons,49,"Martinez, Luis",P,18,0.947,2,16,1,1,,61865110
2005,Regular Season,Hokkaido Nippon-Ham Fighters,00,"Mirabal, Carlos",P,3,1.000,2,1,0,0,,61865111
2005,Regular Season,Tohoku Rakuten Golden Eagles,62,"Skrmetta, Matt",P,5,0.000,0,0,0,0,,61865117
2005,Regular Season,Fukuoka Softbank Hawks,58,"Tsuji, Takeshi",OF,1,0.000,0,0,0,0,,61963886
2005,Regular Season,Seibu Lions,20,"Toyoda, Kiyoshi",P,35,1.000,2,6,0,0,,61963887
2005,Regular Season,Chunichi Dragons,1,"Fukudome, Kosuke",OF,141,1.000,256,12,0,2,,61963888
2005,Regular Season,Hokkaido Nippon-Ham Fighters,11,"Darvish, Yu",P,14,1.000,2,15,0,1,,61965110
2005,Regular Season,Chunichi Dragons,25,"Nakamura, Koji",OF,9,1.000,13,0,0,0,,61965119
2005,Regular Season,Hiroshima Toyo Carp,96,"Franco, Esterlin",2B,15,1.000,24,33,0,5,,63165110
2005,Regular Season,Yakult Swallows,3,"Ramirez, Alex",OF,146,0.987,218,6,3,1,,63165113
2005,Regular Season,Yomiuri Giants,29,"Maeda, Yukinaga",P,50,0.867,2,11,2,0,,63463868
2005,Regular Season,Yokohama BayStars,5,"Ishii, Takuro",SS,146,0.988,229,444,8,95,,65563868
2005,Regular Season,Chunichi Dragons,47,"Noguchi, Shigeki",P,13,0.929,1,12,1,0,,71073887
2005,Regular Season,Hanshin Tigers,22,"Fujikawa, Kyuji",P,80,0.900,3,15,2,1,,71073888
2005,Regular Season,Chunichi Dragons,70,"Nakazato, Atsushi",P,2,0.000,0,0,1,0,,71075113
2005,Regular Season,Chunichi Dragons,2,"Araki, Masahiro",2B,145,0.992,410,496,7,114,,71173882
2005,Regular Season,Hokkaido Nippon-Ham Fighters,57,"Iiyama, Yuji",2B,1,0.000,0,0,0,0,,71173886
2005,Regular Season,Hokkaido Nippon-Ham Fighters,57,"Iiyama, Yuji",3B,14,1.000,2,8,0,2,,71173886
2005,Regular Season,Hokkaido Nippon-Ham Fighters,57,"Iiyama, Yuji",OF,5,1.000,2,0,0,0,,71173886
2005,Regular Season,Hokkaido Nippon-Ham Fighters,57,"Iiyama, Yuji",SS,21,0.967,8,21,1,2,,71173886
2005,Regular Season,Chunichi Dragons,30,"Ishii, Yuya",P,24,1.000,0,4,0,1,,71175110
2005,Regular Season,Chunichi Dragons,28,"Ishikawa, Satoru",P,2,1.000,0,1,0,0,,71175119
2005,Regular Season,Chiba Lotte Marines,20,"Yabuta, Yasuhiko",P,51,1.000,1,7,0,0,,71273882
2005,Regular Season,Orix Buffaloes,42,"Hagiwara, Jun",P,49,1.000,0,10,0,3,,71273885
2005,Regular Season,Fukuoka Softbank Hawks,26,"Matoba, Naoki",C,37,0.985,242,13,4,4,0,71275111
2005,Regular Season,Hiroshima Toyo Carp,26,"Hirose, Jun",OF,30,0.923,12,0,1,0,,71275113
2005,Regular Season,Yokohama BayStars,28,"Hata, Yuji",P,14,1.000,0,3,0,1,,71275115
2005,Regular Season,Hokkaido Nippon-Ham Fighters,64,"Tsuruoka, Shinya",C,4,1.000,16,0,0,0,0,71275117
2005,Regular Season,Hokkaido Nippon-Ham Fighters,16,"Kanemura, Satoru",P,25,0.884,18,20,5,2,,71373880
2005,Regular Season,Fukuoka Softbank Hawks,66,"Saito, Kazumi",P,22,1.000,4,19,0,0,,71373882
2005,Regular Season,Chunichi Dragons,26,"Ochiai, Eiji",P,31,1.000,6,8,0,0,,71373885
2005,Regular Season,Chiba Lotte Marines,29,"Ono, Shingo",P,24,0.962,7,18,1,0,,71373889
2005,Regular Season,Chiba Lotte Marines,10,"Omatsu, Shoitsu",OF,3,1.000,6,0,0,0,,71375110
2005,Regular Season,Seibu Lions,49,"Uemoto, Tatsuyuki",C,3,1.000,12,1,0,0,0,71375117
2005,Regular Season,Orix Buffaloes,99,"Yoshikawa, Katsunari",P,29,1.000,1,8,0,1,,71475111
2005,Regular Season,Fukuoka Softbank Hawks,62,"Yamazaki, Katsuki",C,3,1.000,4,0,0,0,0,71475113
2005,Regular Season,Seibu Lions,47,"Hosokawa, Toru",C,113,0.996,770,44,3,6,7,71475115
2005,Regular Season,Orix Buffaloes,00,"Goshima, Yuji",1B,1,1.000,7,0,0,1,,71573880
2005,Regular Season,Tohoku Rakuten Golden Eagles,34,"Koike, Hideo",P,11,0.333,0,1,2,0,,71573887
2005,Regular Season,Tohoku Rakuten Golden Eagles,5,"Saito, Hidemitsu",2B,12,1.000,19,31,0,4,,71573889
2005,Regular Season,Tohoku Rakuten Golden Eagles,5,"Saito, Hidemitsu",3B,10,0.882,2,13,2,3,,71573889
2005,Regular Season,Tohoku Rakuten Golden Eagles,5,"Saito, Hidemitsu",SS,22,0.953,23,38,3,10,,71573889
2005,Regular Season,Hokkaido Nippon-Ham Fighters,45,"Sasaki, Kiyoshi",P,6,0.000,0,0,0,0,,71575111
2005,Regular Season,Hiroshima Toyo Carp,57,"Kai, Masahito",SS,4,0.895,7,10,2,1,,71575113
2005,Regular Season,Orix Buffaloes,57,"Kakei, Yujiro",2B,1,0.000,0,0,0,0,,71575117
2005,Regular Season,Yokohama BayStars,39,"Witt, Kevin",OF,11,1.000,12,0,0,0,,71675110
2005,Regular Season,Chiba Lotte Marines,31,"Watanabe, Shunsuke",P,23,0.977,8,34,1,4,,71675113
2005,Regular Season,Yakult Swallows,5,"Dobashi, Katsuyuki",1B,1,1.000,11,1,0,4,,71773864
2005,Regular Season,Yakult Swallows,5,"Dobashi, Katsuyuki",2B,74,0.987,130,181,4,33,,71773864
2005,Regular Season,Hiroshima Toyo Carp,22,"Takahashi, Ken",P,14,0.833,0,5,1,1,,71773880
2005,Regular Season,Orix Buffaloes,31,"Shiozaki, Makoto",2B,14,0.980,28,22,1,5,,71773884
2005,Regular Season,Orix Buffaloes,31,"Shiozaki, Makoto",3B,60,0.963,25,79,4,3,,71773884
2005,Regular Season,Orix Buffaloes,31,"Shiozaki, Makoto",SS,23,0.964,16,37,2,9,,71773884
2005,Regular Season,Seibu Lions,2,"Shibata, Hiroyuki",OF,6,1.000,3,0,0,0,,71773888
2005,Regular Season,Orix Buffaloes,33,"Takagi, Yasunari",P,8,1.000,2,1,0,0,,71775111
2005,Regular Season,Orix Buffaloes,1,"Goto, Mitsutaka",3B,45,0.961,26,73,4,6,,71775115
2005,Regular Season,Orix Buffaloes,1,"Goto, Mitsutaka",SS,40,0.961,55,91,6,30,,71775115
2005,Regular Season,Yomiuri Giants,21,"Kisanuki, Hiroshi",P,14,1.000,1,1,0,0,,71775117
2005,Regular Season,Chunichi Dragons,16,"Sato, Mitsuru",P,3,1.000,1,1,0,0,,71775119
2005,Regular Season,Orix Buffaloes,49,"Parra, Jose",P,8,1.000,1,4,0,1,,71873888
2005,Regular Season,Yakult Swallows,2,"Riggs, Adam",1B,60,0.995,537,44,3,50,,71875110
2005,Regular Season,Yakult Swallows,2,"Riggs, Adam",3B,1,1.000,0,1,0,0,,71875110
2005,Regular Season,Yakult Swallows,2,"Riggs, Adam",OF,7,0.933,14,0,1,0,,71875110
2005,Regular Season,Yakult Swallows,42,"Gonzalez, Dicky",P,27,0.926,8,17,2,3,,71875119
2005,Regular Season,Hiroshima Toyo Carp,42,"Hasegawa, Masayuki",P,23,0.895,4,13,2,2,,71973882
2005,Regular Season,Chunichi Dragons,36,"Hirai, Masafumi",P,55,1.000,2,11,0,1,,71973889
2005,Regular Season,Chiba Lotte Marines,25,"Takehara, Naotaka",OF,1,1.000,1,0,0,0,,71975110
2005,Regular Season,Chunichi Dragons,67,"Takahashi, Akifumi",P,61,1.000,2,6,0,0,,71975115
2005,Regular Season,Hokkaido Nippon-Ham Fighters,31,"Koyano, Eiichi",1B,20,1.000,70,5,0,7,,71975117
2005,Regular Season,Hokkaido Nippon-Ham Fighters,31,"Koyano, Eiichi",2B,6,1.000,8,8,0,3,,71975117
2005,Regular Season,Hokkaido Nippon-Ham Fighters,31,"Koyano, Eiichi",OF,15,1.000,15,1,0,0,,71975117
2005,Regular Season,Orix Buffaloes,21,"Beirne, Kevin",P,22,0.960,12,12,1,0,,73175117
2005,Regular Season,Yokohama BayStars,3,"Taneda, Hitoshi",2B,145,0.990,351,462,8,107,,73373881
2005,Regular Season,Yokohama BayStars,3,"Taneda, Hitoshi",3B,1,1.000,0,1,0,0,,73373881
2005,Regular Season,Yokohama BayStars,3,"Taneda, Hitoshi",OF,1,0.000,0,0,0,0,,73373881
2005,Regular Season,Hiroshima Toyo Carp,70,"Rayborn, Kenny",P,11,1.000,4,6,0,0,,73375110
2005,Regular Season,Tohoku Rakuten Golden Eagles,41,"Hoshino, Osamu",1B,1,1.000,1,0,0,0,,73573868
2005,Regular Season,Tohoku Rakuten Golden Eagles,41,"Hoshino, Osamu",2B,7,1.000,10,13,0,0,,73573868
2005,Regular Season,Tohoku Rakuten Golden Eagles,41,"Hoshino, Osamu",3B,8,1.000,1,6,0,0,,73573868
2005,Regular Season,Chiba Lotte Marines,5,"Hori, Koichi",2B,92,0.995,173,247,2,56,,73873868
2005,Regular Season,Tohoku Rakuten Golden Eagles,16,"Yamamura, Hiroki",P,16,0.952,8,12,1,0,,81083880
2005,Regular Season,Yakult Swallows,35,"Miki, Hajime",2B,13,0.917,6,5,1,0,,81083882
2005,Regular Season,Yakult Swallows,35,"Miki, Hajime",SS,2,1.000,3,4,0,1,,81083882
2005,Regular Season,Yomiuri Giants,13,"Nomaguchi, Takahiko",P,9,1.000,1,6,0,0,,81085110
2005,Regular Season,Hanshin Tigers,5,"Maeda, Tadatoki",2B,1,0.000,0,0,0,0,,81085111
2005,Regular Season,Hanshin Tigers,5,"Maeda, Tadatoki",3B,1,0.000,0,0,0,0,,81085111
2005,Regular Season,Tohoku Rakuten Golden Eagles,32,"Maeda, Tadatoki",2B,1,1.000,3,4,0,0,,81085111
2005,Regular Season,Tohoku Rakuten Golden Eagles,32,"Maeda, Tadatoki",3B,5,1.000,0,2,0,0,,81085111
2005,Regular Season,Tohoku Rakuten Golden Eagles,32,"Maeda, Tadatoki",SS,6,0.944,3,14,1,2,,81085111
2005,Regular Season,Seibu Lions,60,"Nakamura, Takeya",1B,6,1.000,12,2,0,1,,81085115
2005,Regular Season,Seibu Lions,60,"Nakamura, Takeya",3B,56,0.965,39,70,4,9,,81085115
2005,Regular Season,Yakult Swallows,25,"Tateyama, Shohei",P,25,0.943,13,20,2,3,,81085117
2005,Regular Season,Chunichi Dragons,38,"Otomo, Susumu",OF,8,1.000,11,1,0,0,,81183882
2005,Regular Season,Hokkaido Nippon-Ham Fighters,49,"Iriki, Yusaku",P,28,0.939,7,24,2,1,,81183884
2005,Regular Season,Chunichi Dragons,13,"Iwase, Hitoki",P,60,1.000,1,8,0,1,,81183888
2005,Regular Season,Hiroshima Toyo Carp,39,"Umetsu, Tomohiro",P,33,1.000,3,4,0,0,,81185110
2005,Regular Season,Seibu Lions,51,"Oshima, Hiroyuki",OF,30,1.000,45,1,0,0,,81185111
2005,Regular Season,Fukuoka Softbank Hawks,51,"Arakane, Hisao",OF,62,0.980,46,3,1,0,,81185113
2005,Regular Season,Fukuoka Softbank Hawks,60,"Inamine, Homare",2B,23,0.966,15,42,2,10,,81185117
2005,Regular Season,Fukuoka Softbank Hawks,60,"Inamine, Homare",3B,2,0.000,0,0,0,0,,81185117
2005,Regular Season,Yomiuri Giants,26,"Utsumi, Tetsuya",P,26,1.000,4,23,0,2,,81185119
2005,Regular Season,Hanshin Tigers,42,"Shimoyanagi, Tsuyoshi",P,24,1.000,7,28,0,2,,81283883
2005,Regular Season,Chiba Lotte Marines,57,"Hayashi, Takaya",1B,1,1.000,2,0,0,0,,81283885
2005,Regular Season,Yokohama BayStars,36,"Muranishi, Tetsuyuki",P,4,1.000,1,0,0,0,,81285111
2005,Regular Season,Orix Buffaloes,23,"Kitagawa, Hirotoshi",1B,121,0.993,1070,71,8,104,,81383880
2005,Regular Season,Tohoku Rakuten Golden Eagles,14,"Kawamoto, Yasuyuki",P,13,1.000,1,1,0,0,,81383885
2005,Regular Season,Yomiuri Giants,0,"Kawanaka, Mototsugu",1B,5,1.000,37,1,0,3,,81383886
2005,Regular Season,Yomiuri Giants,0,"Kawanaka, Mototsugu",2B,6,1.000,2,9,0,1,,81383886
2005,Regular Season,Yomiuri Giants,0,"Kawanaka, Mototsugu",3B,6,0.500,0,1,1,0,,81383886
2005,Regular Season,Yomiuri Giants,0,"Kawanaka, Mototsugu",OF,12,1.000,17,0,0,0,,81383886
2005,Regular Season,Yomiuri Giants,0,"Kawanaka, Mototsugu",SS,12,1.000,7,16,0,3,,81383886
2005,Regular Season,Chiba Lotte Marines,34,"Kawai, Takashi",P,11,1.000,0,5,0,1,,81383888
2005,Regular Season,Yomiuri Giants,25,"Kamei, Yoshiyuki",OF,15,1.000,20,0,0,0,,81385110
2005,Regular Season,Hiroshima Toyo Carp,27,"Kimura, Koichiro",C,22,1.000,57,7,0,2,1,81385111
2005,Regular Season,Chunichi Dragons,41,"Kawagishi, Tsuyoshi",P,23,0.875,1,6,1,1,,81385119
2005,Regular Season,Chiba Lotte Marines,40,"Watanabe, Masato",1B,1,1.000,1,0,0,0,,81483886
2005,Regular Season,Chiba Lotte Marines,40,"Watanabe, Masato",2B,5,1.000,3,3,0,2,,81483886
2005,Regular Season,Chiba Lotte Marines,40,"Watanabe, Masato",3B,6,1.000,0,3,0,0,,81483886
2005,Regular Season,Chiba Lotte Marines,40,"Watanabe, Masato",SS,9,1.000,1,10,0,1,,81483886
2005,Regular Season,Hiroshima Toyo Carp,16,"Mori, Choji",P,15,0.889,3,5,1,0,,81485110
2005,Regular Season,Orix Buffaloes,20,"Yamamoto, Shogo",P,22,1.000,2,4,0,0,,81485113
2005,Regular Season,Yokohama BayStars,25,"Murata, Shuichi",3B,136,0.956,83,245,15,20,,81485117
2005,Regular Season,Chiba Lotte Marines,48,"Takagi, Koji",P,20,1.000,0,4,0,0,,81583864
2005,Regular Season,Hiroshima Toyo Carp,9,"Ogata, Koichi",OF,113,0.990,203,4,2,3,,81583866
2005,Regular Season,Hokkaido Nippon-Ham Fighters,39,"Shimada, Kazuteru",OF,21,1.000,23,6,0,2,,81583880
2005,Regular Season,Tohoku Rakuten Golden Eagles,57,"Koyama, Shinichiro",P,30,1.000,2,1,0,0,,81583884
2005,Regular Season,Yomiuri Giants,54,"Sakai, Junya",P,9,0.500,0,1,1,0,,81583888
2005,Regular Season,Yomiuri Giants,57,"Jobe, Tsuyoshi",P,4,1.000,0,2,0,0,,81585111
2005,Regular Season,Hokkaido Nippon-Ham Fighters,12,"Kamakura, Ken",P,19,0.923,3,9,1,1,,81585117
2005,Regular Season,Hanshin Tigers,40,"Sajikihara, Masashi",P,26,0.857,3,3,1,0,,81585119
2005,Regular Season,Hanshin Tigers,17,"Brown, Jamie",P,11,1.000,1,9,0,1,,81685110
2005,Regular Season,Chunichi Dragons,42,"Guzman, Domingo",P,3,1.000,1,1,0,0,,81685115
2005,Regular Season,Hanshin Tigers,38,"Wei-chu, Lin",OF,3,1.000,3,0,0,0,,81685117
2005,Regular Season,Hanshin Tigers,3,"Sekimoto, Kentaro",1B,16,1.000,56,5,0,4,,81783884
2005,Regular Season,Hanshin Tigers,3,"Sekimoto, Kentaro",2B,67,0.996,115,159,1,40,,81783884
2005,Regular Season,Hanshin Tigers,3,"Sekimoto, Kentaro",3B,10,1.000,0,5,0,0,,81783884
2005,Regular Season,Yokohama BayStars,19,"Someda, Kensaku",P,1,0.000,0,0,0,0,,81785110
2005,Regular Season,Yakult Swallows,0,"Shida, Munehiro",OF,20,1.000,11,0,0,0,,81785115
2005,Regular Season,Yokohama BayStars,00,"Kono, Yuki",OF,3,1.000,1,0,0,0,,81785117
2005,Regular Season,Fukuoka Softbank Hawks,28,"Feliciano, Pedro",P,37,0.833,3,2,1,0,,81885110
2005,Regular Season,Fukuoka Softbank Hawks,10,"Honma, Mitsuru",1B,32,0.980,48,0,1,5,,81983880
2005,Regular Season,Fukuoka Softbank Hawks,10,"Honma, Mitsuru",2B,47,1.000,64,83,0,14,,81983880
2005,Regular Season,Fukuoka Softbank Hawks,10,"Honma, Mitsuru",3B,12,1.000,2,3,0,0,,81983880
2005,Regular Season,Fukuoka Softbank Hawks,10,"Honma, Mitsuru",SS,30,1.000,28,67,0,13,,81983880
2005,Regular Season,Orix Buffaloes,27,"Hidaka, Takeshi",C,103,0.993,556,32,4,9,1,81983882
2005,Regular Season,Hokkaido Nippon-Ham Fighters,4,"Narahara, Hiroshi",2B,56,1.000,49,82,0,20,,81983883
2005,Regular Season,Hokkaido Nippon-Ham Fighters,4,"Narahara, Hiroshi",3B,2,0.750,2,1,1,0,,81983883
2005,Regular Season,Hokkaido Nippon-Ham Fighters,4,"Narahara, Hiroshi",SS,39,0.976,32,92,3,19,,81983883
2005,Regular Season,Hokkaido Nippon-Ham Fighters,7,"Tsuboi, Tomochika",OF,91,0.988,149,11,2,0,,81983886
2005,Regular Season,Hanshin Tigers,28,"Fukuhara, Shinobu",P,28,1.000,9,20,0,0,,81983888
2005,Regular Season,Hokkaido Nippon-Ham Fighters,70,"Thomas, Brad",P,38,1.000,3,6,0,1,,83185110
2005,Regular Season,Yomiuri Giants,42,"Sikorski, Brian",P,70,0.857,6,12,3,0,,83385113
2005,Regular Season,Chunichi Dragons,27,"Tanishige, Motonobu",C,140,0.998,1014,65,2,14,6,85583868
2005,Regular Season,Fukuoka Softbank Hawks,64,"Tanoe, Keisaburo",P,9,1.000,3,10,0,2,,91093881
2005,Regular Season,Tohoku Rakuten Golden Eagles,60,"Fujisaki, Hironori",P,5,1.000,3,1,0,0,,91093888
2005,Regular Season,Chiba Lotte Marines,0,"Morozumi, Kenji",OF,83,0.972,35,0,1,0,,91093889
2005,Regular Season,Yakult Swallows,18,"Fujii, Shugo",P,28,1.000,11,22,0,1,,91095111
2005,Regular Season,Fukuoka Softbank Hawks,20,"Terahara, Hayato",P,2,0.000,0,0,0,0,,91095115
2005,Regular Season,Hiroshima Toyo Carp,10,"Higa, Toshimitsu",2B,6,1.000,14,13,0,1,,91095119
2005,Regular Season,Hokkaido Nippon-Ham Fighters,58,"Inaba, Atsunori",1B,1,1.000,2,0,0,1,,91193880
2005,Regular Season,Hokkaido Nippon-Ham Fighters,58,"Inaba, Atsunori",OF,125,0.992,244,14,2,7,,91193880
2005,Regular Season,Seibu Lions,32,"Ishii, Yoshihito",2B,76,0.990,111,173,3,29,,91193884
2005,Regular Season,Seibu Lions,32,"Ishii, Yoshihito",3B,39,0.958,19,49,3,5,,91193884
2005,Regular Season,Yakult Swallows,53,"Igarashi, Ryota",P,49,1.000,7,7,0,0,,91193886
2005,Regular Season,Hanshin Tigers,53,"Akahoshi, Norihiro",OF,145,0.982,264,12,5,1,,91195113
2005,Regular Season,Hiroshima Toyo Carp,48,"Amano, Koichi",P,14,1.000,0,2,0,0,,91195115
2005,Regular Season,Fukuoka Softbank Hawks,18,"Arakaki, Nagisa",P,22,0.952,8,12,1,1,,91195117
2005,Regular Season,Hanshin Tigers,2,"Noguchi, Toshihiro",C,18,1.000,101,3,0,0,1,91293881
2005,Regular Season,Hokkaido Nippon-Ham Fighters,15,"Yokoyama, Yukiya",P,48,0.833,2,3,1,0,,91293882
2005,Regular Season,Hokkaido Nippon-Ham Fighters,37,"Ishimoto, Tsutomu",OF,28,1.000,32,0,0,0,,91293883
2005,Regular Season,Seibu Lions,11,"Mori, Shinji",P,48,1.000,0,5,0,0,,91293884
2005,Regular Season,Yakult Swallows,31,"Manaka, Mitsuru",OF,69,0.991,107,1,1,0,,91293887
2005,Regular Season,Yakult Swallows,4,"Watarai, Hirobumi",1B,28,1.000,91,7,0,12,,91293889
2005,Regular Season,Yakult Swallows,4,"Watarai, Hirobumi",3B,1,0.000,0,0,0,0,,91293889
2005,Regular Season,Yakult Swallows,4,"Watarai, Hirobumi",OF,5,1.000,5,1,0,0,,91293889
2005,Regular Season,Tohoku Rakuten Golden Eagles,33,"Hiraishi, Yosuke",OF,20,0.870,20,0,3,0,,91295110
2005,Regular Season,Orix Buffaloes,37,"Hayakawa, Daisuke",OF,51,0.987,74,0,1,0,,91295115
2005,Regular Season,Yokohama BayStars,27,"Doi, Ryotaro",P,13,0.833,6,9,3,2,,91295117
2005,Regular Season,Tohoku Rakuten Golden Eagles,61,"Kawaguchi, Kenshi",1B,13,0.983,106,7,2,9,,91393880
2005,Regular Season,Tohoku Rakuten Golden Eagles,61,"Kawaguchi, Kenshi",OF,39,1.000,51,2,0,0,,91393880
2005,Regular Season,Tohoku Rakuten Golden Eagles,52,"Nomura, Katsunori",C,1,0.000,0,0,0,0,0,91393882
2005,Regular Season,Yomiuri Giants,46,"Oda, Kohei",C,27,0.976,116,8,3,1,0,91393886
2005,Regular Season,Tohoku Rakuten Golden Eagles,28,"Kaneda, Masahiko",P,25,1.000,12,17,0,2,,91393887
2005,Regular Season,Hiroshima Toyo Carp,11,"Oyamada, Yasuhiro",P,18,0.963,10,16,1,1,,91393888
2005,Regular Season,Hanshin Tigers,43,"Kamisaka, Taichiro",OF,20,0.929,13,0,1,0,,91395111
2005,Regular Season,Fukuoka Softbank Hawks,69,"Ide, Shotaro",OF,17,1.000,18,1,0,0,,91395115
2005,Regular Season,Hokkaido Nippon-Ham Fighters,61,"Oshimoto, Takehiko",P,11,1.000,1,3,0,0,,91395119
2005,Regular Season,Hanshin Tigers,50,"Machida, Kojiro",1B,1,1.000,4,0,0,1,,91493885
2005,Regular Season,Tohoku Rakuten Golden Eagles,00,"Moritani, Akihito",OF,6,0.800,4,0,1,0,,91493886
2005,Regular Season,Fukuoka Softbank Hawks,5,"Yoshimoto, Ryo",1B,3,1.000,1,1,0,0,,91493888
2005,Regular Season,Fukuoka Softbank Hawks,5,"Yoshimoto, Ryo",2B,1,1.000,2,2,0,0,,91493888
2005,Regular Season,Fukuoka Softbank Hawks,5,"Yoshimoto, Ryo",3B,2,1.000,1,0,0,0,,91493888
2005,Regular Season,Hokkaido Nippon-Ham Fighters,34,"Yoshizaki, Masaru",P,40,1.000,4,10,0,2,,91495111
2005,Regular Season,Chunichi Dragons,55,"Maeda, Akihiro",C,8,1.000,16,3,0,0,0,91495115
2005,Regular Season,Yomiuri Giants,9,"Shimizu, Takayuki",OF,110,0.994,170,4,1,0,,91593882
2005,Regular Season,Fukuoka Softbank Hawks,41,"Kurano, Shinji",P,15,1.000,2,7,0,1,,91593884
2005,Regular Season,Fukuoka Softbank Hawks,59,"Sasagawa, Takashi",1B,2,1.000,5,0,0,0,,91593886
2005,Regular Season,Fukuoka Softbank Hawks,59,"Sasagawa, Takashi",3B,8,0.667,0,2,1,0,,91593886
2005,Regular Season,Tohoku Rakuten Golden Eagles,12,"Kobayashi, Hiroshi",P,3,0.000,0,0,0,0,,91593887
2005,Regular Season,Yokohama BayStars,1,"Kinjo, Tatsuhiko",OF,144,0.997,290,11,1,4,,91593888
2005,Regular Season,Yokohama BayStars,41,"Kishimoto, Hideki",P,15,1.000,0,3,0,2,,91595110
2005,Regular Season,Hiroshima Toyo Carp,36,"Satake, Kenta",P,50,1.000,3,4,0,0,,91595111
2005,Regular Season,Yomiuri Giants,20,"Rhodes, Tuffy",OF,101,0.984,183,6,3,1,,91693882
2005,Regular Season,Orix Buffaloes,28,"Garcia, Karim",OF,83,0.988,159,8,2,2,,91695110
2005,Regular Season,Hiroshima Toyo Carp,43,"Larocca, Greg",2B,51,0.955,97,134,11,32,,91695119
2005,Regular Season,Hiroshima Toyo Carp,43,"Larocca, Greg",3B,8,0.700,2,5,3,1,,91695119
2005,Regular Season,Hokkaido Nippon-Ham Fighters,32,"Nakajima, Satoshi",C,79,0.995,356,26,2,4,4,91793864
2005,Regular Season,Hanshin Tigers,00,"Tanaka, Shuta",2B,5,1.000,2,2,0,0,,91793880
2005,Regular Season,Hanshin Tigers,00,"Tanaka, Shuta",3B,32,1.000,3,9,0,1,,91793880
2005,Regular Season,Hanshin Tigers,00,"Tanaka, Shuta",SS,1,0.000,0,0,0,0,,91793880
2005,Regular Season,Tohoku Rakuten Golden Eagles,69,"Tamaki, Shigeo",P,22,1.000,3,10,0,0,,91793882
2005,Regular Season,Fukuoka Softbank Hawks,1,"Shibahara, Hiroshi",OF,50,0.990,100,3,1,1,,91793884
2005,Regular Season,Orix Buffaloes,44,"Suzuki, Fumihiro",C,43,0.983,158,17,3,1,3,91793886
2005,Regular Season,Tohoku Rakuten Golden Eagles,9,"Takano, Fumitoshi",OF,68,1.000,113,2,0,0,,91795111
2005,Regular Season,Hokkaido Nippon-Ham Fighters,10,"Kimoto, Kuniyuki",1B,43,1.000,118,11,0,13,,91795113
2005,Regular Season,Hokkaido Nippon-Ham Fighters,10,"Kimoto, Kuniyuki",2B,121,0.993,225,385,4,112,,91795113
2005,Regular Season,Hokkaido Nippon-Ham Fighters,10,"Kimoto, Kuniyuki",3B,6,1.000,1,2,0,0,,91795113
2005,Regular Season,Orix Buffaloes,65,"Kondoh, Kazuki",P,7,1.000,0,1,0,0,,91795115
2005,Regular Season,Yokohama BayStars,4,"Kitagawa, Toshiyuki",2B,1,1.000,2,0,0,0,,91795117
2005,Regular Season,Chiba Lotte Marines,46,"Yamasaki, Ken",P,40,1.000,0,6,0,1,,91893883
2005,Regular Season,Hiroshima Toyo Carp,32,"Romano, Mike",P,27,0.944,9,8,1,0,,91895110
2005,Regular Season,Hokkaido Nippon-Ham Fighters,5,"Seguignol, Fernando",1B,41,0.989,333,26,4,39,,91895115
2005,Regular Season,Chiba Lotte Marines,33,"Hashimoto, Tasuku",C,68,0.995,374,20,2,5,3,91993880
2005,Regular Season,Orix Buffaloes,10,"Tani, Yoshitomo",OF,82,0.985,126,2,2,0,,91993884
2005,Regular Season,Tohoku Rakuten Golden Eagles,24,"Takamura, Hiroshi",P,1,0.000,0,0,0,0,,91993885
2005,Regular Season,Tohoku Rakuten Golden Eagles,43,"Tokumoto, Satoshi",P,8,1.000,0,2,0,0,,91993888
2005,Regular Season,Seibu Lions,8,"Hirao, Hiroshi",2B,8,0.962,10,15,1,4,,91993889
2005,Regular Season,Seibu Lions,8,"Hirao, Hiroshi",3B,5,1.000,1,7,0,0,,91993889
2005,Regular Season,Orix Buffaloes,64,"Tanaka, Akira",3B,3,1.000,3,5,0,0,,91995110
2005,Regular Season,Yomiuri Giants,59,"Date, Masashi",P,7,1.000,1,0,0,0,,91995113
2005,Regular Season,Hanshin Tigers,19,"Tsutsui, Kazuya",P,1,0.000,0,0,0,0,,91995119
2005,Regular Season,Yokohama BayStars,7,"Suzuki, Takanori",OF,5,1.000,6,0,0,0,,93193883
2005,Regular Season,Hokkaido Nippon-Ham Fighters,67,"Obando, Sherman",OF,9,1.000,5,0,0,0,,93193888
2005,Regular Season,Hokkaido Nippon-Ham Fighters,35,"Yamada, Katsuhiko",C,1,1.000,3,0,0,0,0,93393868
2005,Regular Season,Orix Buffaloes,14,"Stewart, Josh",P,7,1.000,1,4,0,0,,93395110
2005,Regular Season,Fukuoka Softbank Hawks,55,"Omichi, Noriyoshi",1B,4,1.000,24,0,0,0,,93993868
