Season,Team,Game Type,G,W,L,S,HLD,HP,ERA,WPCT,BB/9,H/9,HR/9,K/9,R/9,R/G,K/BB,WHIP,IP,CG,SHO,No BB,BF,H,HR,BB,IBB,DB,K,WP,BLK,R,ER
2009,Chunichi Dragons,Climax Series - Final Stage,4,,,,,,4.364,,3.818,10.636,,6.545,,,1.714,1.606,33.0,0,,,151,39,,14,,0,24,,,,16
2009,Hokkaido Nippon-Ham Fighters,Climax Series - Final Stage,4,,,,,,4.000,,2.250,9.500,,4.250,,,1.889,1.306,36.0,0,,,154,38,,9,,2,17,,,,16
2009,Tohoku Rakuten Golden Eagles,Climax Series - Final Stage,4,,,,,,6.210,,3.240,11.340,,5.670,,,1.750,1.620,33.1,2,,,153,42,,12,,1,21,,,,23
2009,Yomiuri Giants,Climax Series - Final Stage,4,,,,,,4.000,,2.750,8.000,,9.250,,,3.364,1.194,36.0,0,,,152,32,,11,,4,37,,,,16
2009,Chunichi Dragons,Climax Series - First Stage,3,,,,,,3.000,,2.667,7.667,,7.333,,,2.750,1.148,27.0,0,,,107,23,,8,,0,22,,,,9
2009,Fukuoka Softbank Hawks,Climax Series - First Stage,2,,,,,,7.875,,3.375,11.250,,5.625,,,1.667,1.625,16.0,0,,,72,20,,6,,0,10,,,,14
2009,Tohoku Rakuten Golden Eagles,Climax Series - First Stage,2,,,,,,1.000,,1.000,6.500,,8.000,,,8.000,0.833,18.0,2,,,70,13,,2,,0,16,,,,2
2009,Tokyo Yakult Swallows,Climax Series - First Stage,3,,,,,,3.960,,3.600,11.160,,6.480,,,1.800,1.640,25.0,0,,,116,31,,10,,0,18,,,,11
2009,Hokkaido Nippon-Ham Fighters,Japan Series,6,,,,,,0.000,,1.376,8.599,,4.987,,,3.625,1.108,52.1,0,,,212,50,,8,,2,29,,,,19
2009,Yomiuri Giants,Japan Series,6,,,,,,3.226,,2.717,9.170,,8.151,,,3.000,1.321,53.0,0,,,229,54,,16,,1,48,,,,19
2009,Chiba Lotte Marines,Regular Season,144,62,77,26,58,78,4.230,0.446,2.617,9.588,0.889,6.830,4.472,4.438,2.610,1.356,1286.0,22,3,7,5543,1370,127,374,29,63,976,32,1,639,604
2009,Chunichi Dragons,Regular Season,144,81,62,51,79,100,3.170,0.566,2.596,8.207,0.712,6.937,3.545,3.528,2.672,1.200,1289.2,12,14,12,5374,1176,102,372,17,47,994,50,4,508,454
2009,Fukuoka Softbank Hawks,Regular Season,144,74,65,30,78,102,3.690,0.532,3.123,8.434,0.922,8.203,4.130,4.104,2.626,1.284,1288.0,11,8,7,5438,1207,132,447,6,48,1174,47,4,591,528
2009,Hanshin Tigers,Regular Season,144,67,73,25,59,77,3.280,0.479,3.030,8.414,0.717,7.290,3.754,3.708,2.406,1.272,1280.1,10,12,4,5417,1197,102,431,17,61,1037,40,6,534,467
2009,Hiroshima Toyo Carp,Regular Season,144,65,75,37,89,108,3.590,0.464,2.398,8.810,0.823,6.757,4.043,3.993,2.818,1.245,1280.0,12,15,15,5392,1253,117,341,20,46,961,42,2,575,511
2009,Hokkaido Nippon-Ham Fighters,Regular Season,144,82,60,34,89,116,3.650,0.577,3.095,8.586,0.887,6.483,3.842,3.819,2.095,1.298,1288.1,17,9,8,5434,1229,127,443,23,53,928,32,6,550,523
2009,Orix Buffaloes,Regular Season,144,56,86,18,54,66,4.580,0.394,3.070,9.563,0.986,6.894,5.035,4.965,2.245,1.404,1278.0,18,9,8,5526,1358,140,436,11,55,979,39,0,715,650
2009,Saitama Seibu Lions,Regular Season,144,70,70,28,87,102,4.010,0.500,3.608,8.945,0.916,6.796,4.318,4.354,1.884,1.395,1307.0,19,9,4,5671,1299,133,524,26,60,987,51,3,627,582
2009,Tohoku Rakuten Golden Eagles,Regular Season,144,77,66,30,55,72,4.010,0.538,3.098,9.163,0.886,6.839,4.250,4.229,2.207,1.362,1289.2,19,12,10,5558,1313,127,444,25,73,980,43,4,609,575
2009,Tokyo Yakult Swallows,Regular Season,144,71,72,33,95,116,3.970,0.497,2.900,9.024,0.988,6.138,4.275,4.208,2.117,1.325,1275.2,10,7,9,5436,1279,140,411,23,65,870,41,1,606,563
2009,Yokohama BayStars,Regular Season,144,51,93,26,78,99,4.360,0.354,3.025,9.436,1.167,6.853,4.875,4.757,2.266,1.385,1264.2,11,5,7,5519,1326,164,425,25,60,963,48,11,685,612
2009,Yomiuri Giants,Regular Season,144,89,46,47,89,114,2.940,0.659,2.353,8.167,0.846,6.984,3.392,3.424,2.968,1.169,1308.0,11,9,13,5408,1187,123,342,16,63,1015,34,6,493,427
